Driver,Team,LapNumber,Stint,LapTimeSeconds,Sector1Seconds,Sector2Seconds,Sector3Seconds,Compound,TyreLife,FreshTyre,SpeedI1,SpeedI2,SpeedFL,SpeedST,AirTemp,TrackTemp,Humidity,WindSpeed,Rainfall,IsInLap,IsOutLap,IsSafetyCar,IsFirstLap,IsCleanLap,Position,TeamColor,LapStartSeconds,TrackStatus
LEC,Ferrari,1.0,1.0,88.179,0.0,29.989,28.398,MEDIUM,1.0,True,316.0,313.0,311.0,300.0,33.8,51.539250716618895,32.59812679154723,2.0794380374641688,0.0,False,False,False,True,False,2.0,#888888,3350.494,1
LEC,Ferrari,2.0,1.0,85.396,27.707,29.265,28.424,MEDIUM,2.0,True,315.0,325.0,312.0,325.0,33.887565198553546,50.599478411571596,31.1243480144645,1.4621740072322482,0.0,False,False,False,False,True,2.0,#888888,3438.931,1
LEC,Ferrari,3.0,1.0,85.179,27.679,29.001,28.499,MEDIUM,3.0,True,313.0,324.0,313.0,328.0,33.77009518729058,50.45980962541884,30.0,1.1784770033507335,0.0,False,False,False,False,True,2.0,#888888,3524.327,1
LEC,Ferrari,4.0,1.0,84.81,27.653,28.883,28.274,MEDIUM,4.0,True,314.0,324.0,312.0,327.0,33.7,50.6,30.718754166111186,2.0124983335555258,0.0,False,False,False,False,True,2.0,#888888,3609.506,1
LEC,Ferrari,5.0,1.0,84.603,27.63,28.79,28.183,MEDIUM,5.0,True,313.0,325.0,312.0,321.0,33.7,50.68677220463256,30.132277953674382,2.2338610231628087,0.0,False,False,False,False,True,2.0,#888888,3694.316,1
LEC,Ferrari,6.0,1.0,84.663,27.596,28.945,28.122,MEDIUM,6.0,True,315.0,325.0,312.0,325.0,33.591575982802006,50.383151965604014,31.0,1.9084240171979934,0.0,False,False,False,False,True,2.0,#888888,3778.919,1
LEC,Ferrari,7.0,1.0,84.434,27.645,28.701,28.088,MEDIUM,7.0,True,314.0,326.0,312.0,329.0,33.5,49.62813953100782,31.953100781653635,2.0953100781653635,0.0,False,False,False,False,True,2.0,#888888,3863.582,1
LEC,Ferrari,8.0,1.0,84.569,27.557,28.771,28.241,MEDIUM,8.0,True,314.0,325.0,313.0,333.0,33.36400846977225,49.5,32.0,0.7439661209110005,0.0,False,False,False,False,True,2.0,#888888,3948.016,1
LEC,Ferrari,9.0,1.0,84.362,27.542,28.781,28.039,MEDIUM,9.0,True,314.0,326.0,312.0,333.0,33.3,49.11518974683755,31.230379493675105,1.538734354427427,0.0,False,False,False,False,True,2.0,#888888,4032.585,1
LEC,Ferrari,10.0,1.0,84.432,27.515,28.84,28.077,MEDIUM,10.0,True,314.0,325.0,311.0,334.0,33.3,48.682441463211404,31.0,1.305351220731606,0.0,False,False,False,False,True,2.0,#888888,4116.947,1
LEC,Ferrari,11.0,1.0,84.846,27.633,28.951,28.262,MEDIUM,11.0,True,313.0,316.0,311.0,323.0,33.241737072772416,48.48347414554483,31.0,1.6252112183172538,0.0,False,False,False,False,True,2.0,#888888,4201.379,1
LEC,Ferrari,12.0,1.0,84.916,27.68,28.971,28.265,MEDIUM,12.0,True,312.0,316.0,311.0,321.0,33.2,47.70241471828286,31.0,1.5996550402453058,0.0,False,False,False,False,True,2.0,#888888,4286.225,1
LEC,Ferrari,13.0,1.0,85.529,27.812,29.177,28.54,MEDIUM,13.0,True,311.0,315.0,309.0,321.0,33.05883686052325,47.6,31.588368605232468,1.1234894184302597,0.0,False,False,False,False,True,2.0,#888888,4371.141,1
LEC,Ferrari,14.0,1.0,85.606,27.839,29.217,28.55,MEDIUM,14.0,True,312.0,314.0,310.0,320.0,33.0,47.51629833333333,31.0,2.137016666666674,0.0,False,False,False,False,True,2.0,#888888,4456.67,1
LEC,Ferrari,15.0,1.0,90.192,28.034,29.361,32.797,MEDIUM,15.0,True,312.0,314.0,0.0,318.0,32.9,47.973616574438296,31.0,2.1944662977531855,0.0,True,False,False,False,False,3.0,#888888,4542.276,1
LEC,Ferrari,16.0,2.0,104.888,47.985,28.75,28.153,HARD,1.0,True,313.0,314.0,313.0,284.0,32.823305727283326,47.9,31.0,1.9766942727166685,0.0,False,True,False,False,False,7.0,#888888,4632.468,1
LEC,Ferrari,17.0,2.0,84.27,27.458,28.73,28.082,HARD,2.0,True,314.0,318.0,314.0,322.0,32.85148298730296,47.645551038091114,30.514829873029626,1.6425850634851877,0.0,False,False,False,False,True,6.0,#888888,4737.356,1
LEC,Ferrari,18.0,2.0,83.875,27.408,28.571,27.896,HARD,3.0,True,316.0,327.0,315.0,329.0,32.9,47.22434066941006,31.0,1.6756593305899412,0.0,False,False,False,False,True,6.0,#888888,4821.626,1
LEC,Ferrari,19.0,2.0,84.203,27.354,28.722,28.127,HARD,4.0,True,317.0,327.0,315.0,336.0,32.8,46.936668944482406,31.0,1.2366689444824086,0.0,False,False,False,False,True,6.0,#888888,4905.501,1
LEC,Ferrari,20.0,2.0,83.826,27.483,28.623,27.72,HARD,5.0,True,315.0,327.0,315.0,325.0,32.8,46.655982799139956,31.0,1.4600430021501072,0.0,False,False,False,False,True,5.0,#888888,4989.704,1
LEC,Ferrari,21.0,2.0,83.88,27.423,28.725,27.732,HARD,6.0,True,315.0,318.0,315.0,335.0,32.8,46.47672672672673,31.116366366366357,2.153453453453457,0.0,False,False,False,False,True,5.0,#888888,5073.53,1
LEC,Ferrari,22.0,2.0,83.768,27.358,28.484,27.926,HARD,7.0,True,316.0,328.0,316.0,327.0,32.74848272759086,46.24848272759086,31.484827275908614,1.8,0.0,False,False,False,False,True,5.0,#888888,5157.41,1
LEC,Ferrari,23.0,2.0,83.864,27.438,28.501,27.925,HARD,8.0,True,318.0,319.0,315.0,326.0,32.7,46.108899441806216,31.0,1.526698325418647,0.0,False,False,False,False,True,3.0,#888888,5241.178,1
LEC,Ferrari,24.0,2.0,83.64,27.347,28.551,27.742,HARD,9.0,True,317.0,319.0,315.0,327.0,32.6,45.83824921661444,31.0,1.32350156677112,0.0,False,False,False,False,True,3.0,#888888,5325.042,1
LEC,Ferrari,25.0,2.0,83.59,27.38,28.445,27.765,HARD,10.0,True,316.0,319.0,314.0,326.0,32.6,45.77025306965663,31.70253069656631,1.740506139313262,0.0,False,False,False,False,True,3.0,#888888,5408.682,1
LEC,Ferrari,26.0,2.0,83.321,27.356,28.307,27.658,HARD,11.0,True,316.0,319.0,315.0,324.0,32.60955460728097,45.771336178157085,31.0,1.7477730364048536,0.0,False,False,False,False,True,3.0,#888888,5492.272,1
LEC,Ferrari,27.0,2.0,83.534,27.38,28.412,27.742,HARD,12.0,True,316.0,319.0,315.0,325.0,32.651565000000005,45.5,31.0,2.2,0.0,False,False,False,False,True,3.0,#888888,5575.593,1
LEC,Ferrari,28.0,2.0,83.284,27.337,28.297,27.65,HARD,13.0,True,317.0,320.0,315.0,326.0,32.51234312761454,45.324686255229075,31.0,1.8493725104581586,0.0,False,False,False,False,True,3.0,#888888,5659.127,1
LEC,Ferrari,29.0,2.0,83.229,27.336,28.301,27.592,HARD,14.0,True,317.0,319.0,315.0,325.0,32.5,45.538064129058064,31.26451569895341,1.7380641290580676,0.0,False,False,False,False,True,3.0,#888888,5742.411,1
LEC,Ferrari,30.0,2.0,83.359,27.361,28.259,27.739,HARD,15.0,True,317.0,320.0,314.0,325.0,32.5,46.134838333333335,32.0,2.074191666666661,0.0,False,False,False,False,True,3.0,#888888,5825.64,1
LEC,Ferrari,31.0,2.0,83.972,27.312,28.74,27.92,HARD,16.0,True,318.0,329.0,316.0,326.0,32.49590771949126,46.091815438982515,32.0,2.067261755930057,0.0,False,False,False,False,True,3.0,#888888,5908.999,1
LEC,Ferrari,32.0,2.0,83.274,27.246,28.382,27.646,HARD,17.0,True,319.0,331.0,314.0,338.0,32.44405779711014,45.9,32.0,1.3440577971101442,0.0,False,False,False,False,True,2.0,#888888,5992.971,1
LEC,Ferrari,33.0,2.0,83.226,27.189,28.364,27.673,HARD,18.0,True,315.0,319.0,315.0,333.0,32.5,45.734321045263655,32.0,1.4,0.0,False,False,False,False,True,2.0,#888888,6076.245,1
LEC,Ferrari,34.0,2.0,83.43,27.324,28.408,27.698,HARD,19.0,True,316.0,320.0,315.0,325.0,32.7,45.65691405143248,32.0,1.386171897135044,0.0,False,False,False,False,True,2.0,#888888,6159.471,1
LEC,Ferrari,35.0,2.0,83.681,27.393,28.512,27.776,HARD,20.0,True,316.0,319.0,314.0,325.0,32.7,45.5,31.393972228241847,1.5787944456483693,0.0,False,False,False,False,True,2.0,#888888,6242.901,1
LEC,Ferrari,36.0,2.0,83.714,27.31,28.493,27.911,HARD,21.0,True,318.0,321.0,313.0,325.0,32.59992001866231,45.4,32.0,1.299920018662311,0.0,False,False,False,False,True,2.0,#888888,6326.582,1
LEC,Ferrari,37.0,2.0,83.55,27.279,28.457,27.814,HARD,22.0,True,316.0,319.0,314.0,335.0,32.5,45.320847915208475,32.0,1.160423957604239,0.0,False,False,False,False,True,2.0,#888888,6410.296,1
LEC,Ferrari,38.0,2.0,83.624,27.372,28.466,27.786,HARD,23.0,True,318.0,320.0,313.0,325.0,32.5,45.2,31.211694892652364,1.415322042939054,0.0,False,False,False,False,True,2.0,#888888,6493.846,1
LEC,Ferrari,39.0,2.0,83.718,27.448,28.564,27.706,HARD,24.0,True,318.0,327.0,313.0,325.0,32.5,44.981784702549575,31.0,1.454645892351277,0.0,False,False,False,False,True,1.0,#888888,6577.47,1
LEC,Ferrari,40.0,2.0,83.69,27.399,28.465,27.826,HARD,25.0,True,315.0,318.0,313.0,322.0,32.5,44.9,31.57719160848483,1.4114041957575845,0.0,False,False,False,False,True,1.0,#888888,6661.188,1
LEC,Ferrari,41.0,2.0,83.611,27.372,28.44,27.799,HARD,26.0,True,315.0,318.0,314.0,322.0,32.5,44.70559713309443,32.0,1.4916043003583628,0.0,False,False,False,False,True,1.0,#888888,6744.878,1
LEC,Ferrari,42.0,2.0,83.67,27.424,28.458,27.788,HARD,27.0,True,316.0,319.0,314.0,323.0,32.46343759894679,44.62687519789358,32.0,1.49031279684037,0.0,False,False,False,False,True,1.0,#888888,6828.489,1
LEC,Ferrari,43.0,2.0,83.867,27.382,28.558,27.927,HARD,28.0,True,318.0,321.0,314.0,324.0,32.47598600349912,44.879930017495624,32.0,1.527958010497375,0.0,False,False,False,False,True,1.0,#888888,6912.159,1
LEC,Ferrari,44.0,2.0,83.43,27.386,28.395,27.649,HARD,29.0,True,315.0,317.0,314.0,323.0,32.48420675520304,44.9,32.0,1.1631729791878431,0.0,False,False,False,False,True,1.0,#888888,6996.026,1
LEC,Ferrari,45.0,2.0,83.731,27.507,28.427,27.797,HARD,30.0,True,313.0,315.0,314.0,320.0,32.4,44.735492098419684,32.0,1.5,0.0,False,False,False,False,True,1.0,#888888,7079.456,1
LEC,Ferrari,46.0,2.0,83.597,27.539,28.364,27.694,HARD,31.0,True,316.0,319.0,314.0,323.0,32.305620636216695,44.6,32.94379363783305,1.5943793637833057,0.0,False,False,False,False,True,1.0,#888888,7163.187,1
LEC,Ferrari,47.0,2.0,83.676,27.509,28.426,27.741,HARD,32.0,True,314.0,316.0,314.0,321.0,32.333717267014485,44.53256546597103,32.0,1.3,0.0,False,False,False,False,True,1.0,#888888,7246.784,1
LEC,Ferrari,48.0,2.0,83.518,27.502,28.365,27.651,HARD,33.0,True,314.0,318.0,316.0,322.0,32.4,44.253637318134096,32.0,1.5195440227988615,0.0,False,False,False,False,True,1.0,#888888,7330.46,1
LEC,Ferrari,49.0,2.0,83.467,27.457,28.319,27.691,HARD,34.0,True,316.0,317.0,316.0,322.0,32.3,44.2,32.12356872614543,1.7135018916981974,0.0,False,False,False,False,True,1.0,#888888,7413.978,1
LEC,Ferrari,50.0,2.0,83.461,27.425,28.336,27.7,HARD,35.0,True,316.0,318.0,316.0,322.0,32.3,44.14852485248525,32.48524852485249,1.3573757375737556,0.0,False,False,False,False,True,1.0,#888888,7497.445,1
LEC,Ferrari,51.0,2.0,83.555,27.432,28.386,27.737,HARD,36.0,True,318.0,320.0,316.0,323.0,32.3,44.1,32.0,1.6,0.0,False,False,False,False,True,1.0,#888888,7580.906,1
LEC,Ferrari,52.0,2.0,83.75,27.432,28.471,27.847,HARD,37.0,True,319.0,321.0,316.0,324.0,32.27023091533104,44.04046183066209,33.0,1.2595381693379109,0.0,False,False,False,False,True,1.0,#888888,7664.461,1
LEC,Ferrari,53.0,2.0,83.268,27.285,28.302,27.681,HARD,38.0,True,324.0,326.0,316.0,329.0,32.2,43.83068950578198,32.30689505781984,1.6079314826540492,0.0,False,False,False,False,True,1.0,#888888,7748.211,1
PIA,McLaren,1.0,1.0,87.623,0.0,30.021,28.254,MEDIUM,1.0,True,327.0,304.0,309.0,292.0,33.8,51.539250716618895,32.59812679154723,2.0794380374641688,0.0,False,False,False,True,False,1.0,#888888,3350.494,1
PIA,McLaren,2.0,1.0,85.116,27.751,29.311,28.054,MEDIUM,2.0,True,315.0,312.0,309.0,320.0,33.886638670866034,50.60689063307171,31.133613291339632,1.4668066456698163,0.0,False,False,False,False,True,1.0,#888888,3438.375,1
PIA,McLaren,3.0,1.0,85.261,27.67,29.271,28.32,MEDIUM,3.0,True,313.0,310.0,309.0,320.0,33.77148882257823,50.45702235484355,30.0,1.1561788387483967,0.0,False,False,False,False,True,1.0,#888888,3523.491,1
PIA,McLaren,4.0,1.0,84.695,27.672,28.825,28.198,MEDIUM,4.0,True,310.0,310.0,308.0,317.0,33.7,50.6,30.706189174776696,2.0175243300893206,0.0,False,False,False,False,True,1.0,#888888,3608.752,1
PIA,McLaren,5.0,1.0,84.66,27.702,28.906,28.052,MEDIUM,5.0,True,308.0,309.0,309.0,317.0,33.7,50.68822029661723,30.117797033827696,2.2411014830861524,0.0,False,False,False,False,True,1.0,#888888,3693.447,1
PIA,McLaren,6.0,1.0,84.603,27.799,28.807,27.997,MEDIUM,6.0,True,308.0,310.0,308.0,317.0,33.59428233372773,50.38856466745546,31.0,1.9057176662722684,0.0,False,False,False,False,True,1.0,#888888,3778.107,1
PIA,McLaren,7.0,1.0,84.418,27.738,28.574,28.106,MEDIUM,7.0,True,310.0,313.0,307.0,317.0,33.5,49.63685938567691,31.938567690538488,2.0938567690538488,0.0,False,False,False,False,True,1.0,#888888,3862.71,1
PIA,McLaren,8.0,1.0,84.57,27.665,28.777,28.128,MEDIUM,8.0,True,309.0,311.0,309.0,319.0,33.365489012637966,49.5,32.0,0.7380439494481312,0.0,False,False,False,False,True,1.0,#888888,3947.128,1
PIA,McLaren,9.0,1.0,84.375,27.637,28.751,27.987,MEDIUM,9.0,True,309.0,312.0,309.0,316.0,33.3,49.12258129031183,31.245162580623656,1.5283861935634393,0.0,False,False,False,False,True,1.0,#888888,4031.698,1
PIA,McLaren,10.0,1.0,84.077,27.687,28.554,27.836,MEDIUM,10.0,True,309.0,312.0,309.0,319.0,33.3,48.68389800849929,31.0,1.296611949004252,0.0,False,False,False,False,True,1.0,#888888,4116.073,1
PIA,McLaren,11.0,1.0,84.247,27.6,28.726,27.921,MEDIUM,11.0,True,309.0,312.0,310.0,319.0,33.24378509890183,48.48757019780366,31.0,1.631355296705497,0.0,False,False,False,False,True,1.0,#888888,4200.15,1
PIA,McLaren,12.0,1.0,84.748,27.848,28.86,28.04,MEDIUM,12.0,True,309.0,313.0,309.0,317.0,33.2,47.72373889712867,31.0,1.596608728981619,0.0,False,False,False,False,True,1.0,#888888,4284.397,1
PIA,McLaren,13.0,1.0,84.67,27.747,28.831,28.092,MEDIUM,13.0,True,309.0,313.0,310.0,320.0,33.06216297283786,47.6,31.621629728378597,1.1135110814864209,0.0,False,False,False,False,True,1.0,#888888,4369.145,1
PIA,McLaren,14.0,1.0,85.048,27.812,29.03,28.206,MEDIUM,14.0,True,309.0,311.0,309.0,320.0,33.0,47.52105666666667,31.0,2.089433333333333,0.0,False,False,False,False,True,1.0,#888888,4453.815,1
PIA,McLaren,15.0,1.0,85.166,27.84,29.099,28.227,MEDIUM,15.0,True,311.0,311.0,309.0,320.0,32.9,47.97930528701914,31.0,2.217221148076537,0.0,False,False,False,False,True,1.0,#888888,4538.863,1
PIA,McLaren,16.0,1.0,89.939,27.891,29.279,32.769,MEDIUM,16.0,True,312.0,313.0,0.0,319.0,32.83736814917265,47.9,31.0,1.9626318508273493,0.0,True,False,False,False,False,1.0,#888888,4624.029,1
PIA,McLaren,17.0,2.0,104.25,46.989,29.31,27.951,HARD,1.0,True,320.0,310.0,310.0,283.0,32.812512080514544,47.762463758456356,30.125120805145468,1.8374395974272668,0.0,False,True,False,False,False,4.0,#888888,4713.968,1
PIA,McLaren,18.0,2.0,84.028,27.464,28.817,27.747,HARD,2.0,True,313.0,314.0,311.0,320.0,32.9,47.241374139913034,31.0,1.6586258600869654,0.0,False,False,False,False,True,4.0,#888888,4818.218,1
PIA,McLaren,19.0,2.0,84.602,27.593,28.979,28.03,HARD,3.0,True,311.0,312.0,312.0,307.0,32.8,46.947519125318756,31.0,1.2475191253187563,0.0,False,False,False,False,True,4.0,#888888,4902.246,1
PIA,McLaren,20.0,2.0,83.986,27.418,28.823,27.745,HARD,4.0,True,313.0,315.0,311.0,321.0,32.8,46.66550327516376,31.0,1.436241812090606,0.0,False,False,False,False,True,3.0,#888888,4986.848,1
PIA,McLaren,21.0,2.0,83.903,27.438,28.73,27.735,HARD,5.0,True,310.0,312.0,312.0,322.0,32.8,46.485722389055724,31.071388054721382,2.171444778111448,0.0,False,False,False,False,True,3.0,#888888,5070.834,1
PIA,McLaren,22.0,2.0,83.647,27.447,28.518,27.682,HARD,6.0,True,312.0,315.0,312.0,320.0,32.75293705944108,46.25293705944108,31.529370594410835,1.8,0.0,False,False,False,False,True,3.0,#888888,5154.737,1
PIA,McLaren,23.0,2.0,83.66,27.398,28.459,27.803,HARD,7.0,True,317.0,318.0,312.0,322.0,32.7,46.11355494459718,31.0,1.540664833791553,0.0,False,False,False,False,True,1.0,#888888,5238.384,1
PIA,McLaren,24.0,2.0,83.315,27.339,28.287,27.689,HARD,8.0,True,312.0,314.0,311.0,329.0,32.6,45.848243216214414,31.0,1.3035135675711702,0.0,False,False,False,False,True,1.0,#888888,5322.044,1
PIA,McLaren,25.0,2.0,83.23,27.46,28.338,27.432,HARD,9.0,True,311.0,314.0,312.0,320.0,32.6,45.76471685853756,31.64716858537561,1.7294337170751217,0.0,False,False,False,False,True,1.0,#888888,5405.359,1
PIA,McLaren,26.0,2.0,83.133,27.441,28.228,27.464,HARD,10.0,True,310.0,314.0,312.0,319.0,32.60341545539406,45.78975363381784,31.0,1.7170772769702625,0.0,False,False,False,False,True,1.0,#888888,5488.589,1
PIA,McLaren,27.0,2.0,83.088,27.455,28.212,27.421,HARD,11.0,True,311.0,314.0,313.0,318.0,32.65801666666667,45.5,31.0,2.2,0.0,False,False,False,False,True,1.0,#888888,5571.722,1
PIA,McLaren,28.0,2.0,83.168,27.391,28.206,27.571,HARD,12.0,True,312.0,315.0,312.0,320.0,32.51953800769987,45.33907601539974,31.0,1.8781520307994861,0.0,False,False,False,False,True,1.0,#888888,5654.81,1
PIA,McLaren,29.0,2.0,83.066,27.465,28.196,27.405,HARD,13.0,True,312.0,315.0,313.0,320.0,32.5,45.471573561762554,31.19063729084728,1.671573561762554,0.0,False,False,False,False,True,1.0,#888888,5737.978,1
PIA,McLaren,30.0,2.0,82.968,27.449,28.095,27.424,HARD,14.0,True,312.0,317.0,313.0,322.0,32.5,46.142498333333336,32.0,2.112491666666665,0.0,False,False,False,False,True,1.0,#888888,5821.044,1
PIA,McLaren,31.0,2.0,83.221,27.435,28.225,27.561,HARD,15.0,True,310.0,315.0,313.0,319.0,32.5,46.1,32.0,2.091560140664322,0.0,False,False,False,False,True,1.0,#888888,5904.012,1
PIA,McLaren,32.0,2.0,83.48,27.386,28.343,27.751,HARD,16.0,True,315.0,327.0,312.0,319.0,32.43449494191957,45.9,32.0,1.3344949419195713,0.0,False,False,False,False,True,1.0,#888888,5987.233,1
PIA,McLaren,33.0,2.0,83.148,27.43,28.226,27.492,HARD,17.0,True,313.0,317.0,314.0,321.0,32.5,45.75275981601227,32.0,1.4,0.0,False,False,False,False,True,1.0,#888888,6070.713,1
PIA,McLaren,34.0,2.0,83.456,27.449,28.47,27.537,HARD,18.0,True,313.0,317.0,314.0,320.0,32.7,45.67561373977101,32.0,1.348772520457991,0.0,False,False,False,False,True,1.0,#888888,6153.861,1
PIA,McLaren,35.0,2.0,83.409,27.392,28.529,27.488,HARD,19.0,True,313.0,316.0,314.0,323.0,32.7,45.5,31.487055960259383,1.5974111920518763,0.0,False,False,False,False,True,1.0,#888888,6237.317,1
PIA,McLaren,36.0,2.0,83.746,27.429,28.503,27.814,HARD,20.0,True,316.0,319.0,315.0,323.0,32.60968016133602,45.40968016133602,31.903198386639776,1.3193603226720447,0.0,False,False,False,False,True,1.0,#888888,6320.726,1
PIA,McLaren,37.0,2.0,83.691,27.368,28.649,27.674,HARD,21.0,True,314.0,316.0,314.0,333.0,32.5,45.34025930740259,32.0,1.1701296537012966,0.0,False,False,False,False,True,1.0,#888888,6404.472,1
PIA,McLaren,38.0,2.0,88.125,27.56,28.596,31.969,HARD,22.0,True,315.0,318.0,0.0,325.0,32.5,45.2,31.306424189891995,1.3774303240432013,0.0,True,False,False,False,False,1.0,#888888,6488.163,1
PIA,McLaren,39.0,3.0,103.438,47.532,28.366,27.54,HARD,1.0,True,324.0,312.0,315.0,286.0,32.5,44.98375437427096,31.0,1.4487368771871343,0.0,False,True,False,False,False,3.0,#888888,6576.288,1
PIA,McLaren,40.0,3.0,82.264,27.149,27.897,27.218,HARD,2.0,True,311.0,316.0,315.0,323.0,32.5,44.9,31.88609134687484,1.2569543265625802,0.0,False,False,False,False,True,3.0,#888888,6679.726,1
PIA,McLaren,41.0,3.0,82.066,27.207,27.79,27.069,HARD,3.0,True,314.0,320.0,318.0,321.0,32.5,44.7,32.0,1.5257250966795572,0.0,False,False,False,False,True,3.0,#888888,6761.99,1
PIA,McLaren,42.0,3.0,82.331,27.245,27.932,27.154,HARD,4.0,True,315.0,318.0,315.0,325.0,32.43749562551036,44.57499125102071,32.0,1.412486876531072,0.0,False,False,False,False,True,3.0,#888888,6844.056,1
PIA,McLaren,43.0,3.0,82.092,27.087,27.8,27.205,HARD,5.0,True,316.0,321.0,318.0,325.0,32.499693409980836,44.99846704990419,32.0,1.5990802299425135,0.0,False,False,False,False,True,3.0,#888888,6926.387,1
PIA,McLaren,44.0,3.0,82.628,27.098,28.121,27.409,HARD,6.0,True,316.0,322.0,319.0,339.0,32.46345625114559,44.9,32.0,1.246174995417663,0.0,False,False,False,False,True,3.0,#888888,7008.479,1
PIA,McLaren,45.0,3.0,83.675,27.217,28.785,27.673,HARD,7.0,True,332.0,343.0,309.0,342.0,32.4,44.67722544508902,32.0,1.5,0.0,False,False,False,False,True,2.0,#888888,7091.107,1
PIA,McLaren,46.0,3.0,82.537,27.366,27.964,27.207,HARD,8.0,True,313.0,317.0,315.0,327.0,32.3,44.6,32.86295753050204,1.5588872591506109,0.0,False,False,False,False,True,2.0,#888888,7174.782,1
PIA,McLaren,47.0,3.0,82.253,27.271,27.856,27.126,HARD,9.0,True,312.0,315.0,315.0,320.0,32.35127764905906,44.49744470188188,32.0,1.3,0.0,False,False,False,False,True,2.0,#888888,7257.319,1
PIA,McLaren,48.0,3.0,82.725,27.626,27.897,27.202,HARD,10.0,True,314.0,317.0,317.0,326.0,32.4,44.223265503391495,32.0,1.5651017449127564,0.0,False,False,False,False,True,2.0,#888888,7339.572,1
PIA,McLaren,49.0,3.0,82.945,27.245,27.984,27.716,HARD,11.0,True,315.0,331.0,317.0,326.0,32.3,44.2,32.26222103701727,1.6164452740879094,0.0,False,False,False,False,True,2.0,#888888,7422.297,1
PIA,McLaren,50.0,3.0,82.586,27.128,28.205,27.253,HARD,12.0,True,316.0,316.0,316.0,328.0,32.3,44.135528552855284,32.35528552855285,1.4223572357235748,0.0,False,False,False,False,True,2.0,#888888,7505.242,1
PIA,McLaren,51.0,3.0,82.424,27.313,27.965,27.146,HARD,13.0,True,313.0,315.0,316.0,321.0,32.3,44.1,32.021056489363474,1.5915774042546094,0.0,False,False,False,False,True,2.0,#888888,7587.828,1
PIA,McLaren,52.0,3.0,81.948,27.116,27.725,27.107,HARD,14.0,True,318.0,320.0,316.0,334.0,32.26058278631169,44.02116557262337,33.0,1.2788344273766306,0.0,False,False,False,False,True,2.0,#888888,7670.252,1
PIA,McLaren,53.0,3.0,81.943,27.108,27.803,27.032,HARD,15.0,True,316.0,320.0,317.0,328.0,32.2,43.82404272336455,32.240427233645484,1.6278718299063548,0.0,False,False,False,False,True,2.0,#888888,7752.2,1
NOR,McLaren,1.0,1.0,88.971,0.0,31.051,28.624,MEDIUM,1.0,True,319.0,312.0,312.0,285.0,33.8,51.539250716618895,32.59812679154723,2.0794380374641688,0.0,False,False,False,True,False,3.0,#888888,3350.494,1
NOR,McLaren,2.0,1.0,85.458,27.676,29.408,28.374,MEDIUM,2.0,True,309.0,332.0,313.0,339.0,33.888885000583244,50.58891999533403,31.111149994167544,1.4555749970837712,0.0,False,False,False,False,True,3.0,#888888,3439.723,1
NOR,McLaren,3.0,1.0,85.11,27.513,29.381,28.216,MEDIUM,3.0,True,313.0,323.0,312.0,327.0,33.768671545501526,50.46265690899695,30.0,1.2012552719755973,0.0,False,False,False,False,True,3.0,#888888,3525.181,1
NOR,McLaren,4.0,1.0,85.168,27.638,29.468,28.062,MEDIUM,4.0,True,312.0,315.0,312.0,323.0,33.7,50.6,30.73183575523264,2.0072656979069436,0.0,False,False,False,False,True,3.0,#888888,3610.291,1
NOR,McLaren,5.0,1.0,84.674,27.524,29.143,28.007,MEDIUM,5.0,True,314.0,317.0,313.0,322.0,33.7,50.68486752207966,30.15132477920346,2.224337610398269,0.0,False,False,False,False,True,3.0,#888888,3695.459,1
NOR,McLaren,6.0,1.0,84.768,27.75,29.004,28.014,MEDIUM,6.0,True,314.0,320.0,313.0,319.0,33.58752978819138,50.37505957638276,31.0,1.9124702118086219,0.0,False,False,False,False,True,3.0,#888888,3780.133,1
NOR,McLaren,7.0,1.0,84.531,27.587,28.963,27.981,MEDIUM,7.0,True,314.0,320.0,311.0,323.0,33.5,49.61494975083749,31.975083748604185,2.0975083748604186,0.0,False,False,False,False,True,3.0,#888888,3864.901,1
NOR,McLaren,8.0,1.0,84.674,27.651,28.986,28.037,MEDIUM,8.0,True,313.0,318.0,311.0,322.0,33.36164760412151,49.5,32.0,0.7534095835139529,0.0,False,False,False,False,True,3.0,#888888,3949.432,1
NOR,McLaren,9.0,1.0,84.664,27.658,28.998,28.008,MEDIUM,9.0,True,312.0,317.0,311.0,327.0,33.3,49.10251495808403,31.20502991616806,1.5564790586823585,0.0,False,False,False,False,True,3.0,#888888,4034.106,1
NOR,McLaren,10.0,1.0,84.391,27.54,28.898,27.953,MEDIUM,10.0,True,311.0,318.0,312.0,325.0,33.3,48.679403383051415,31.0,1.3235797016915292,0.0,False,False,False,False,True,3.0,#888888,4118.77,1
NOR,McLaren,11.0,1.0,84.448,27.574,28.908,27.966,MEDIUM,11.0,True,314.0,317.0,312.0,326.0,33.238767518205606,48.477535036411204,31.0,1.6163025546168082,0.0,False,False,False,False,True,3.0,#888888,4203.161,1
NOR,McLaren,12.0,1.0,84.655,27.666,28.925,28.064,MEDIUM,12.0,True,314.0,317.0,312.0,325.0,33.198038562167746,47.698038562167746,31.01961437832254,1.5882313730064768,0.0,False,False,False,False,True,3.0,#888888,4287.609,1
NOR,McLaren,13.0,1.0,85.359,27.854,29.182,28.323,MEDIUM,13.0,True,315.0,319.0,311.0,324.0,33.05696550574904,47.6,31.569655057490415,1.1291034827528752,0.0,False,False,False,False,True,3.0,#888888,4372.264,1
NOR,McLaren,14.0,1.0,89.417,27.752,29.105,32.56,MEDIUM,14.0,True,317.0,328.0,0.0,336.0,33.0,47.51471,31.0,2.1528999999999994,0.0,True,False,False,False,False,4.0,#888888,4457.623,1
NOR,McLaren,15.0,2.0,103.84,47.124,28.866,27.85,HARD,1.0,True,321.0,310.0,311.0,283.0,32.9,47.96567604506967,31.0,2.1627041802786864,0.0,False,True,False,False,False,8.0,#888888,4547.04,1
NOR,McLaren,16.0,2.0,84.154,27.403,28.918,27.833,HARD,2.0,True,310.0,313.0,311.0,320.0,32.8,47.89262394800433,30.926239480043325,1.9926239480043324,0.0,False,False,False,False,True,6.0,#888888,4650.88,1
NOR,McLaren,17.0,2.0,85.585,27.663,29.214,28.708,HARD,3.0,True,313.0,318.0,310.0,315.0,32.84761389009231,47.65715832972307,30.476138900923115,1.6619305495384429,0.0,False,False,False,False,True,5.0,#888888,4735.034,1
NOR,McLaren,18.0,2.0,83.92,27.388,28.784,27.748,HARD,4.0,True,314.0,319.0,313.0,323.0,32.9,47.229373740066315,31.0,1.67062625993369,0.0,False,False,False,False,True,5.0,#888888,4820.619,1
NOR,McLaren,19.0,2.0,84.152,27.493,28.937,27.722,HARD,5.0,True,313.0,316.0,314.0,324.0,32.8,46.93987566459441,31.0,1.239875664594412,0.0,False,False,False,False,True,5.0,#888888,4904.539,1
NOR,McLaren,20.0,2.0,83.882,27.463,28.773,27.646,HARD,6.0,True,314.0,318.0,313.0,322.0,32.8,46.659359634648396,31.0,1.4516009133790027,0.0,False,False,False,False,True,4.0,#888888,4988.691,1
NOR,McLaren,21.0,2.0,83.753,27.42,28.634,27.699,HARD,7.0,True,315.0,318.0,313.0,320.0,32.8,46.47991991991992,31.100400400400403,2.1598398398398397,0.0,False,False,False,False,True,4.0,#888888,5072.573,1
NOR,McLaren,22.0,2.0,83.652,27.332,28.669,27.651,HARD,8.0,True,315.0,319.0,314.0,326.0,32.750289123298174,46.250289123298174,31.502891232981717,1.8,0.0,False,False,False,False,True,4.0,#888888,5156.326,1
NOR,McLaren,23.0,2.0,83.581,27.324,28.537,27.72,HARD,9.0,True,318.0,318.0,314.0,328.0,32.7,46.11089894193118,31.0,1.5326968257935523,0.0,False,False,False,False,True,2.0,#888888,5239.978,1
NOR,McLaren,24.0,2.0,83.601,27.359,28.596,27.646,HARD,10.0,True,316.0,318.0,314.0,331.0,32.6,45.843192879525304,31.0,1.3136142409493976,0.0,False,False,False,False,True,2.0,#888888,5323.559,1
NOR,McLaren,25.0,2.0,83.321,27.47,28.41,27.441,HARD,11.0,True,315.0,319.0,314.0,324.0,32.6,45.76771737500625,31.67717375006247,1.735434750012494,0.0,False,False,False,False,True,2.0,#888888,5407.16,1
NOR,McLaren,26.0,2.0,83.469,27.353,28.529,27.587,HARD,12.0,True,313.0,317.0,314.0,324.0,32.6065692092279,45.78029237231631,31.0,1.7328460461394835,0.0,False,False,False,False,True,2.0,#888888,5490.481,1
NOR,McLaren,27.0,2.0,83.267,27.43,28.352,27.485,HARD,13.0,True,314.0,317.0,314.0,325.0,32.65430333333334,45.5,31.0,2.2,0.0,False,False,False,False,True,2.0,#888888,5573.95,1
NOR,McLaren,28.0,2.0,83.067,27.412,28.243,27.412,HARD,14.0,True,317.0,320.0,314.0,323.0,32.515526407893205,45.33105281578641,31.0,1.8621056315728117,0.0,False,False,False,False,True,2.0,#888888,5657.217,1
NOR,McLaren,29.0,2.0,83.3,27.399,28.366,27.535,HARD,15.0,True,318.0,319.0,314.0,325.0,32.5,45.50616125591627,31.22906806212919,1.7061612559162709,0.0,False,False,False,False,True,2.0,#888888,5740.284,1
NOR,McLaren,30.0,2.0,83.614,27.443,28.601,27.57,HARD,16.0,True,314.0,316.0,314.0,323.0,32.5,46.138265000000004,32.0,2.0913249999999985,0.0,False,False,False,False,True,2.0,#888888,5823.584,1
NOR,McLaren,31.0,2.0,84.94,27.401,30.08,27.459,HARD,17.0,True,316.0,317.0,313.0,323.0,32.49890983647547,46.09781967295094,32.0,2.0912786918037645,0.0,False,False,False,False,True,2.0,#888888,5907.198,1
NOR,McLaren,32.0,2.0,87.414,27.332,28.335,31.747,HARD,18.0,True,316.0,320.0,0.0,331.0,32.442669533190006,45.9,32.0,1.3426695331900074,0.0,True,False,False,False,False,3.0,#888888,5992.138,1
NOR,McLaren,33.0,3.0,104.073,47.623,28.605,27.845,HARD,1.0,True,323.0,315.0,313.0,287.0,32.5,45.72329844677022,32.0,1.4,0.0,False,True,False,False,False,6.0,#888888,6079.552,1
NOR,McLaren,34.0,3.0,82.837,27.127,28.244,27.466,HARD,2.0,True,313.0,323.0,314.0,329.0,32.7,45.576402059965666,32.0,1.5471958800686643,0.0,False,False,False,False,True,6.0,#888888,6183.625,1
NOR,McLaren,35.0,3.0,83.137,27.152,28.436,27.549,HARD,3.0,True,313.0,321.0,314.0,327.0,32.7,45.5,31.001216889763114,1.5002433779526227,0.0,False,False,False,False,True,6.0,#888888,6266.462,1
NOR,McLaren,36.0,3.0,83.114,27.244,28.349,27.521,HARD,4.0,True,314.0,319.0,313.0,323.0,32.561567300963105,45.4,32.0,1.2615673009631079,0.0,False,False,False,False,True,6.0,#888888,6349.599,1
NOR,McLaren,37.0,3.0,83.178,27.264,28.492,27.422,HARD,5.0,True,315.0,320.0,315.0,326.0,32.5,45.246132053461324,32.0,1.1230660267306607,0.0,False,False,False,False,True,6.0,#888888,6432.713,1
NOR,McLaren,38.0,3.0,83.133,27.288,28.405,27.44,HARD,6.0,True,318.0,321.0,315.0,327.0,32.5,45.1688463654093,31.0,1.48442318270465,0.0,False,False,False,False,True,5.0,#888888,6515.891,1
NOR,McLaren,39.0,3.0,83.061,27.31,28.197,27.554,HARD,7.0,True,318.0,334.0,319.0,331.0,32.5,44.94586735544076,31.0,1.5623979336777225,0.0,False,False,False,False,True,5.0,#888888,6599.024,1
NOR,McLaren,40.0,3.0,84.162,27.483,28.909,27.77,HARD,8.0,True,322.0,328.0,322.0,353.0,32.5,44.9,31.9253994967757,1.2373002516121496,0.0,False,False,False,False,True,5.0,#888888,6682.085,1
NOR,McLaren,41.0,3.0,82.234,26.936,28.051,27.247,HARD,9.0,True,318.0,322.0,316.0,351.0,32.5,44.7,32.0,1.5328210428057083,0.0,False,False,False,False,True,4.0,#888888,6766.247,1
NOR,McLaren,42.0,3.0,82.678,27.463,28.033,27.182,HARD,10.0,True,305.0,319.0,315.0,326.0,32.43012148582665,44.56024297165331,32.0,1.3903644574799605,0.0,False,False,False,False,True,4.0,#888888,6848.481,1
NOR,McLaren,43.0,3.0,82.25,27.242,27.935,27.073,HARD,11.0,True,315.0,329.0,316.0,328.0,32.5,44.99235040098704,32.0,1.5617520049352274,0.0,False,False,False,False,True,4.0,#888888,6931.159,1
NOR,McLaren,44.0,3.0,82.403,27.218,27.935,27.25,HARD,12.0,True,314.0,319.0,315.0,326.0,32.455241364371055,44.9,32.0,1.2790345425157876,0.0,False,False,False,False,True,4.0,#888888,7013.409,1
NOR,McLaren,45.0,3.0,82.398,27.362,27.965,27.071,HARD,13.0,True,317.0,321.0,317.0,328.0,32.4,44.65369573914783,32.0,1.5,0.0,False,False,False,False,True,4.0,#888888,7095.812,1
NOR,McLaren,46.0,3.0,82.041,27.113,27.81,27.118,HARD,14.0,True,319.0,335.0,319.0,330.0,32.3,44.6,32.80582038802587,1.5417461164077617,0.0,False,False,False,False,True,4.0,#888888,7178.21,1
NOR,McLaren,47.0,3.0,83.852,27.298,28.528,28.026,HARD,15.0,True,315.0,332.0,320.0,352.0,32.356164885903354,44.48767022819329,32.0,1.3,0.0,False,False,False,False,True,4.0,#888888,7260.251,1
NOR,McLaren,48.0,3.0,81.824,26.97,27.88,26.974,HARD,16.0,True,318.0,320.0,317.0,345.0,32.4,44.208162925187075,32.0,1.587755612219391,0.0,False,False,False,False,True,3.0,#888888,7344.103,1
NOR,McLaren,49.0,3.0,82.436,27.265,28.039,27.132,HARD,17.0,True,312.0,317.0,317.0,325.0,32.3,44.2,32.322722045367414,1.5740945682428107,0.0,False,False,False,False,True,3.0,#888888,7425.927,1
NOR,McLaren,50.0,3.0,83.266,27.342,27.873,28.051,HARD,18.0,True,315.0,333.0,317.0,326.0,32.3,44.13032636596993,32.3032636596993,1.4483681701503517,0.0,False,False,False,False,True,3.0,#888888,7508.363,1
NOR,McLaren,51.0,3.0,82.269,27.205,28.026,27.038,HARD,19.0,True,315.0,320.0,317.0,336.0,32.3,44.1,32.084375884988916,1.5662496460044337,0.0,False,False,False,False,True,3.0,#888888,7591.629,1
NOR,McLaren,52.0,3.0,82.302,27.27,27.872,27.16,HARD,20.0,True,314.0,317.0,317.0,323.0,32.25450834693945,44.00901669387891,33.0,1.29098330612109,0.0,False,False,False,False,True,3.0,#888888,7673.898,1
NOR,McLaren,53.0,3.0,81.432,27.136,27.492,26.804,HARD,21.0,True,323.0,330.0,316.0,340.0,32.2,43.81737761189056,32.17377611890559,1.647867164328323,0.0,False,False,False,False,True,3.0,#888888,7756.2,1
SAI,Ferrari,1.0,1.0,89.345,0.0,30.635,28.727,MEDIUM,1.0,True,322.0,316.0,315.0,299.0,33.8,51.539250716618895,32.59812679154723,2.0794380374641688,0.0,False,False,False,True,False,4.0,#888888,3350.494,1
SAI,Ferrari,2.0,1.0,85.731,27.553,29.775,28.403,MEDIUM,2.0,True,318.0,333.0,313.0,331.0,33.8895082404306,50.58393407655518,31.104917595693976,1.452458797846988,0.0,False,False,False,False,True,4.0,#888888,3440.097,1
SAI,Ferrari,3.0,1.0,85.358,27.447,29.503,28.408,MEDIUM,3.0,True,317.0,328.0,312.0,337.0,33.76759297847867,50.46481404304266,30.0,1.2185123443412746,0.0,False,False,False,False,True,4.0,#888888,3525.828,1
SAI,Ferrari,4.0,1.0,85.086,27.435,29.253,28.398,MEDIUM,4.0,True,316.0,329.0,311.0,339.0,33.7,50.6,30.74675043327557,2.0012998266897726,0.0,False,False,False,False,True,4.0,#888888,3611.186,1
SAI,Ferrari,5.0,1.0,85.006,27.585,29.072,28.349,MEDIUM,5.0,True,325.0,325.0,312.0,333.0,33.7,50.683512747875355,30.164872521246455,2.217563739376772,0.0,False,False,False,False,True,4.0,#888888,3696.272,1
SAI,Ferrari,6.0,1.0,84.642,27.639,28.71,28.293,MEDIUM,6.0,True,313.0,328.0,313.0,324.0,33.583713566750546,50.367427133501096,31.0,1.9162864332494538,0.0,False,False,False,False,True,4.0,#888888,3781.278,1
SAI,Ferrari,7.0,1.0,84.715,27.527,28.975,28.213,MEDIUM,7.0,True,313.0,326.0,312.0,333.0,33.5,49.604759920667995,31.992066798886682,2.0992066798886686,0.0,False,False,False,False,True,4.0,#888888,3865.92,1
SAI,Ferrari,8.0,1.0,84.87,27.744,29.012,28.114,MEDIUM,8.0,True,313.0,318.0,313.0,325.0,33.35964186868518,49.5,32.0,0.7614325252592624,0.0,False,False,False,False,True,4.0,#888888,3950.635,1
SAI,Ferrari,9.0,1.0,84.774,27.599,29.015,28.16,MEDIUM,9.0,True,315.0,319.0,311.0,324.0,33.3,49.090856819053016,31.18171363810603,1.5728004533257796,0.0,False,False,False,False,True,4.0,#888888,4035.505,1
SAI,Ferrari,10.0,1.0,84.684,27.579,28.921,28.184,MEDIUM,10.0,True,315.0,319.0,311.0,324.0,33.3,48.67688859261728,31.0,1.3386684442963124,0.0,False,False,False,False,True,4.0,#888888,4120.279,1
SAI,Ferrari,11.0,1.0,85.066,27.742,29.103,28.221,MEDIUM,11.0,True,314.0,317.0,312.0,323.0,33.235764635304704,48.47152927060941,31.0,1.6072939059141151,0.0,False,False,False,False,True,4.0,#888888,4204.963,1
SAI,Ferrari,12.0,1.0,85.276,27.71,29.12,28.446,MEDIUM,12.0,True,314.0,317.0,310.0,322.0,33.19400569933508,47.69400569933508,31.059943006649235,1.5640341960104591,0.0,False,False,False,False,True,4.0,#888888,4290.029,1
SAI,Ferrari,13.0,1.0,85.423,27.761,29.316,28.346,MEDIUM,13.0,True,311.0,317.0,311.0,320.0,33.051898016997164,47.6,31.518980169971666,1.1443059490085001,0.0,False,False,False,False,True,4.0,#888888,4375.305,1
SAI,Ferrari,14.0,1.0,85.234,27.701,29.287,28.246,MEDIUM,14.0,True,313.0,318.0,311.0,322.0,33.0,47.509535,31.0,2.204650000000007,0.0,False,False,False,False,True,3.0,#888888,4460.728,1
SAI,Ferrari,15.0,1.0,85.183,27.687,29.253,28.243,MEDIUM,15.0,True,313.0,316.0,310.0,320.0,32.9,47.9674728315221,31.0,2.1698913260884036,0.0,False,False,False,False,True,2.0,#888888,4545.962,1
SAI,Ferrari,16.0,1.0,85.341,27.795,29.207,28.339,MEDIUM,16.0,True,313.0,315.0,310.0,319.0,32.82551032310743,47.9,31.0,1.9744896768925706,0.0,False,False,False,False,True,2.0,#888888,4631.145,1
SAI,Ferrari,17.0,1.0,85.407,27.875,29.18,28.352,MEDIUM,17.0,True,311.0,314.0,309.0,317.0,32.81670776818742,47.74987669543773,30.16707768187423,1.816461159062885,0.0,False,False,False,False,True,1.0,#888888,4716.486,1
SAI,Ferrari,18.0,1.0,85.678,27.905,29.429,28.344,MEDIUM,18.0,True,311.0,314.0,310.0,317.0,32.9,47.322967862319445,31.0,1.5770321376805556,0.0,False,False,False,False,True,1.0,#888888,4801.893,1
SAI,Ferrari,19.0,1.0,90.388,27.86,29.474,33.054,MEDIUM,19.0,True,311.0,314.0,0.0,317.0,32.8,46.99643660727679,31.0,1.2964366072767897,0.0,True,False,False,False,False,2.0,#888888,4887.571,1
SAI,Ferrari,20.0,2.0,104.811,47.849,28.944,28.018,HARD,1.0,True,309.0,313.0,311.0,281.0,32.8,46.695134756737836,31.0,1.3621631081554075,0.0,False,True,False,False,False,6.0,#888888,4977.959,1
SAI,Ferrari,21.0,2.0,84.499,27.591,28.881,28.027,HARD,2.0,True,311.0,313.0,311.0,318.0,32.8,46.445895895895895,31.270520520520524,2.09179179179179,0.0,False,False,False,False,True,6.0,#888888,5082.77,1
SAI,Ferrari,22.0,2.0,84.226,27.522,28.707,27.997,HARD,3.0,True,312.0,314.0,312.0,319.0,32.732053525304536,46.232053525304536,31.32053525304537,1.8,0.0,False,False,False,False,True,6.0,#888888,5167.269,1
SAI,Ferrari,23.0,2.0,84.557,27.698,28.832,28.027,HARD,4.0,True,313.0,314.0,311.0,319.0,32.69170652844215,46.08341305688428,31.0,1.4751195853264236,0.0,False,False,False,False,True,5.0,#888888,5251.495,1
SAI,Ferrari,24.0,2.0,83.682,27.446,28.511,27.725,HARD,5.0,True,311.0,314.0,312.0,319.0,32.6,45.80154676978466,31.0,1.3969064604306927,0.0,False,False,False,False,True,4.0,#888888,5336.052,1
SAI,Ferrari,25.0,2.0,83.687,27.456,28.496,27.735,HARD,6.0,True,311.0,315.0,312.0,320.0,32.6,45.78866601136231,31.886660113623112,1.7773320227246228,0.0,False,False,False,False,True,4.0,#888888,5419.734,1
SAI,Ferrari,26.0,2.0,83.503,27.444,28.413,27.646,HARD,7.0,True,312.0,315.0,313.0,320.0,32.62813875183358,45.71558374449926,31.0,1.8406937591678911,0.0,False,False,False,False,True,4.0,#888888,5503.421,1
SAI,Ferrari,27.0,2.0,83.503,27.38,28.369,27.754,HARD,8.0,True,314.0,318.0,312.0,321.0,32.63268,45.5,31.0,2.2,0.0,False,False,False,False,True,4.0,#888888,5586.924,1
SAI,Ferrari,28.0,2.0,83.751,27.703,28.359,27.689,HARD,9.0,True,313.0,316.0,313.0,321.0,32.5,45.3,31.0,1.7805319468053227,0.0,False,False,False,False,True,4.0,#888888,5670.427,1
SAI,Ferrari,29.0,2.0,83.473,27.461,28.403,27.609,HARD,10.0,True,313.0,317.0,313.0,320.0,32.5,45.71455736284248,31.4606192920472,1.9145573628424797,0.0,False,False,False,False,True,4.0,#888888,5754.178,1
SAI,Ferrari,30.0,2.0,83.584,27.531,28.429,27.624,HARD,11.0,True,312.0,315.0,313.0,318.0,32.5,46.11482,32.0,1.9740999999999984,0.0,False,False,False,False,True,4.0,#888888,5837.651,1
SAI,Ferrari,31.0,2.0,83.33,27.467,28.318,27.545,HARD,12.0,True,313.0,317.0,313.0,320.0,32.47551132669901,46.051022653398014,32.0,1.9040906135920415,0.0,False,False,False,False,True,4.0,#888888,5921.235,1
SAI,Ferrari,32.0,2.0,83.354,27.424,28.294,27.636,HARD,13.0,True,313.0,317.0,313.0,320.0,32.463380164325116,45.9,32.0,1.3633801643251169,0.0,False,False,False,False,True,4.0,#888888,6004.565,1
SAI,Ferrari,33.0,2.0,83.412,27.456,28.435,27.521,HARD,14.0,True,313.0,316.0,314.0,320.0,32.50458977051147,45.7,32.0,1.3977051147442636,0.0,False,False,False,False,True,3.0,#888888,6087.919,1
SAI,Ferrari,34.0,2.0,83.285,27.366,28.416,27.503,HARD,15.0,True,313.0,317.0,314.0,320.0,32.7,45.61738137697705,32.0,1.4652372460458991,0.0,False,False,False,False,True,3.0,#888888,6171.331,1
SAI,Ferrari,35.0,2.0,83.334,27.454,28.336,27.544,HARD,16.0,True,312.0,316.0,314.0,320.0,32.7,45.5,31.198686425844738,1.5397372851689475,0.0,False,False,False,False,True,3.0,#888888,6254.616,1
SAI,Ferrari,36.0,2.0,83.27,27.389,28.356,27.525,HARD,17.0,True,314.0,317.0,313.0,320.0,32.580977771853235,45.4,32.0,1.280977771853234,0.0,False,False,False,False,True,3.0,#888888,6337.95,1
SAI,Ferrari,37.0,2.0,83.29,27.33,28.356,27.604,HARD,18.0,True,314.0,318.0,313.0,322.0,32.5,45.28443822284438,32.0,1.1422191114221907,0.0,False,False,False,False,True,3.0,#888888,6421.22,1
SAI,Ferrari,38.0,2.0,83.551,27.486,28.387,27.678,HARD,19.0,True,315.0,318.0,314.0,322.0,32.5,45.2,31.03393785838112,1.4864248566475526,0.0,False,False,False,False,True,3.0,#888888,6504.51,1
SAI,Ferrari,39.0,2.0,83.809,27.364,28.721,27.724,HARD,20.0,True,318.0,322.0,314.0,325.0,32.5,44.96413597733711,31.0,1.5075920679886678,0.0,False,False,False,False,True,2.0,#888888,6588.061,1
SAI,Ferrari,40.0,2.0,83.803,27.515,28.698,27.59,HARD,21.0,True,312.0,316.0,314.0,319.0,32.5,44.9,31.75518637628514,1.322406811857431,0.0,False,False,False,False,True,2.0,#888888,6671.87,1
SAI,Ferrari,41.0,2.0,83.337,27.296,28.516,27.525,HARD,22.0,True,315.0,320.0,315.0,323.0,32.5,44.7,32.0,1.5151953593812508,0.0,False,False,False,False,True,2.0,#888888,6755.673,1
SAI,Ferrari,42.0,2.0,83.838,27.422,28.658,27.758,HARD,23.0,True,314.0,318.0,313.0,323.0,32.445904644458146,44.591809288916295,32.0,1.4377139333744375,0.0,False,False,False,False,True,2.0,#888888,6839.01,1
SAI,Ferrari,43.0,2.0,83.793,27.466,28.479,27.848,HARD,24.0,True,316.0,330.0,314.0,324.0,32.493796550862285,44.968982754311426,32.0,1.5813896525868536,0.0,False,False,False,False,True,2.0,#888888,6922.848,1
SAI,Ferrari,44.0,2.0,83.931,27.399,28.778,27.754,HARD,25.0,True,315.0,331.0,317.0,323.0,32.46651892090047,44.9,32.0,1.233924316398113,0.0,False,False,False,False,True,2.0,#888888,7006.641,1
SAI,Ferrari,45.0,2.0,85.113,27.551,28.996,28.566,HARD,26.0,True,325.0,319.0,316.0,330.0,32.4,44.67990098019604,32.0,1.5,0.0,False,False,False,False,True,3.0,#888888,7090.572,1
SAI,Ferrari,46.0,2.0,84.001,27.461,28.804,27.736,HARD,27.0,True,314.0,316.0,315.0,332.0,32.3,44.6,32.847906527101806,1.5543719581305415,0.0,False,False,False,False,True,3.0,#888888,7175.685,1
SAI,Ferrari,47.0,2.0,84.09,27.456,28.735,27.899,HARD,28.0,True,312.0,327.0,311.0,340.0,32.355223109362754,44.48955378127448,32.0,1.3,0.0,False,False,False,False,True,3.0,#888888,7259.686,1
SAI,Ferrari,48.0,2.0,84.939,27.972,28.998,27.969,HARD,29.0,True,314.0,316.0,315.0,316.0,32.4,44.2092528706898,32.0,1.5861206939653025,0.0,False,False,False,False,True,4.0,#888888,7343.776,1
SAI,Ferrari,49.0,2.0,83.921,27.499,28.614,27.808,HARD,30.0,True,312.0,316.0,315.0,319.0,32.3,44.2,32.36918948649144,1.541567359455992,0.0,False,False,False,False,True,4.0,#888888,7428.715,1
SAI,Ferrari,50.0,2.0,83.769,27.459,28.604,27.706,HARD,31.0,True,314.0,317.0,315.0,320.0,32.3,44.123203987065374,32.23203987065372,1.4839800646731387,0.0,False,False,False,False,True,4.0,#888888,7512.636,1
SAI,Ferrari,51.0,2.0,83.754,27.502,28.499,27.753,HARD,32.0,True,315.0,317.0,314.0,322.0,32.3,44.1,32.16393743024204,1.5344250279031835,0.0,False,False,False,False,True,4.0,#888888,7596.405,1
SAI,Ferrari,52.0,2.0,83.722,27.565,28.536,27.621,HARD,33.0,True,314.0,317.0,315.0,318.0,32.24407717170371,43.988154343407416,33.0,1.311845656592582,0.0,False,False,False,False,True,4.0,#888888,7680.159,1
SAI,Ferrari,53.0,2.0,83.219,27.463,28.237,27.519,HARD,34.0,True,314.0,331.0,315.0,321.0,32.2,43.804578931582626,32.0457893158263,1.6862632052521098,0.0,False,False,False,False,True,4.0,#888888,7763.881,1
HAM,Mercedes,1.0,1.0,89.674,0.0,30.629,28.773,MEDIUM,1.0,True,327.0,319.0,314.0,290.0,33.8,51.539250716618895,32.59812679154723,2.0794380374641688,0.0,False,False,False,True,False,5.0,#888888,3350.494,1
HAM,Mercedes,2.0,1.0,86.043,27.701,29.754,28.588,MEDIUM,2.0,True,319.0,337.0,311.0,331.0,33.890056491526266,50.57954806778983,31.09943508473729,1.4497175423686455,0.0,False,False,False,False,True,5.0,#888888,3440.426,1
HAM,Mercedes,3.0,1.0,85.63,27.495,29.688,28.447,MEDIUM,3.0,True,317.0,327.0,311.0,323.0,33.76652441362295,50.466951172754094,30.0,1.2356093820327765,0.0,False,False,False,False,True,5.0,#888888,3526.469,1
HAM,Mercedes,4.0,1.0,85.722,27.65,29.626,28.446,MEDIUM,4.0,True,308.0,311.0,309.0,334.0,33.7,50.6,30.76196507132383,1.9952139714704684,0.0,False,False,False,False,True,5.0,#888888,3612.099,1
HAM,Mercedes,5.0,1.0,84.771,27.451,29.134,28.186,MEDIUM,5.0,True,312.0,315.0,310.0,329.0,33.7,50.68093151141477,30.190684885852356,2.2046575570738227,0.0,False,False,False,False,True,5.0,#888888,3697.821,1
HAM,Mercedes,6.0,1.0,84.919,27.565,29.213,28.141,MEDIUM,6.0,True,315.0,317.0,310.0,325.0,33.57933407769094,50.35866815538187,31.0,1.9206659223090645,0.0,False,False,False,False,True,5.0,#888888,3782.592,1
HAM,Mercedes,7.0,1.0,85.205,27.635,29.267,28.303,MEDIUM,7.0,True,316.0,318.0,309.0,326.0,33.49814268818816,49.59814268818816,32.0,2.0721403228224533,0.0,False,False,False,False,True,5.0,#888888,3867.511,1
HAM,Mercedes,8.0,1.0,84.871,27.605,28.975,28.291,MEDIUM,8.0,True,315.0,318.0,309.0,323.0,33.35617226316316,49.5,32.0,0.7753109473473592,0.0,False,False,False,False,True,5.0,#888888,3952.716,1
HAM,Mercedes,9.0,1.0,85.035,27.79,29.067,28.178,MEDIUM,9.0,True,313.0,316.0,309.0,322.0,33.3,49.07350710821486,31.147014216429724,1.5970900484991923,0.0,False,False,False,False,True,5.0,#888888,4037.587,1
HAM,Mercedes,10.0,1.0,84.909,27.537,29.196,28.176,MEDIUM,10.0,True,313.0,316.0,310.0,324.0,33.3,48.672983918006835,31.0,1.3620964919590055,0.0,False,False,False,False,True,5.0,#888888,4122.622,1
HAM,Mercedes,11.0,1.0,84.938,27.64,29.078,28.22,MEDIUM,11.0,True,313.0,316.0,310.0,323.0,33.23148527720842,48.462970554416835,31.0,1.5944558316252573,0.0,False,False,False,False,True,5.0,#888888,4207.531,1
HAM,Mercedes,12.0,1.0,84.932,27.672,28.987,28.273,MEDIUM,12.0,True,312.0,316.0,309.0,324.0,33.18993950705751,47.68993950705751,31.100604929424904,1.5396370423450578,0.0,False,False,False,False,True,5.0,#888888,4292.469,1
HAM,Mercedes,13.0,1.0,85.329,27.618,29.205,28.506,MEDIUM,13.0,True,315.0,317.0,308.0,329.0,33.048405265789036,47.6,31.484052657890352,1.154784202632894,0.0,False,False,False,False,True,5.0,#888888,4377.401,1
HAM,Mercedes,14.0,1.0,85.817,27.774,29.496,28.547,MEDIUM,14.0,True,314.0,316.0,309.0,327.0,33.0,47.50619833333333,31.0,2.238016666666666,0.0,False,False,False,False,True,5.0,#888888,4462.73,1
HAM,Mercedes,15.0,1.0,90.365,27.855,29.557,32.953,MEDIUM,15.0,True,319.0,316.0,0.0,337.0,32.9,47.9631642109474,31.0,2.1526568437895897,0.0,True,False,False,False,False,6.0,#888888,4548.547,1
HAM,Mercedes,16.0,2.0,105.664,47.705,29.604,28.355,HARD,1.0,True,322.0,311.0,312.0,282.0,32.81256769592241,47.9,31.0,1.9874323040775865,0.0,False,True,False,False,False,10.0,#888888,4638.912,1
HAM,Mercedes,17.0,2.0,84.843,27.547,29.109,28.187,HARD,2.0,True,313.0,317.0,314.0,320.0,32.86351351351351,47.60945945945946,30.635135135135137,1.5824324324324315,0.0,False,False,False,False,True,10.0,#888888,4744.576,1
HAM,Mercedes,18.0,2.0,84.831,27.403,29.345,28.083,HARD,3.0,True,332.0,314.0,312.0,324.0,32.89512882045129,47.19025764090258,31.0,1.6805152818051543,0.0,False,False,False,False,True,8.0,#888888,4829.419,1
HAM,Mercedes,19.0,2.0,84.649,27.623,29.0,28.026,HARD,4.0,True,311.0,315.0,313.0,320.0,32.8,46.907505125085414,31.0,1.2075051250854192,0.0,False,False,False,False,True,8.0,#888888,4914.25,1
HAM,Mercedes,20.0,2.0,84.64,27.535,29.101,28.004,HARD,5.0,True,330.0,327.0,313.0,337.0,32.8,46.62533126656333,31.0,1.5366718335916854,0.0,False,False,False,False,True,7.0,#888888,4998.899,1
HAM,Mercedes,21.0,2.0,84.915,27.503,29.277,28.135,HARD,6.0,True,315.0,317.0,313.0,340.0,32.8,46.44332999666333,31.283350016683343,2.0866599933266627,0.0,False,False,False,False,True,7.0,#888888,5083.539,1
HAM,Mercedes,22.0,2.0,84.613,27.506,29.05,28.057,HARD,7.0,True,314.0,314.0,312.0,326.0,32.730078821510105,46.230078821510105,31.300788215101072,1.8,0.0,False,False,False,False,True,7.0,#888888,5168.454,1
HAM,Mercedes,23.0,2.0,84.132,27.498,28.807,27.827,HARD,8.0,True,316.0,317.0,313.0,324.0,32.68908648477475,46.07817296954949,31.0,1.4672594543242397,0.0,False,False,False,False,True,6.0,#888888,5253.067,1
HAM,Mercedes,24.0,2.0,83.818,27.401,28.687,27.73,HARD,9.0,True,318.0,319.0,313.0,328.0,32.6,45.797723181545436,31.0,1.4045536369091243,0.0,False,False,False,False,True,5.0,#888888,5337.199,1
HAM,Mercedes,25.0,2.0,83.804,27.382,28.683,27.739,HARD,10.0,True,317.0,318.0,313.0,326.0,32.6,45.79080352531529,31.90803525315295,1.7816070506305903,0.0,False,False,False,False,True,5.0,#888888,5421.017,1
HAM,Mercedes,26.0,2.0,83.673,27.426,28.517,27.73,HARD,11.0,True,317.0,318.0,313.0,326.0,32.63047239631951,45.708582811041474,31.0,1.8523619815975454,0.0,False,False,False,False,True,5.0,#888888,5504.821,1
HAM,Mercedes,27.0,2.0,83.495,27.368,28.429,27.698,HARD,12.0,True,317.0,319.0,314.0,327.0,32.63006333333334,45.5,31.0,2.2,0.0,False,False,False,False,True,5.0,#888888,5588.494,1
HAM,Mercedes,28.0,2.0,83.64,27.387,28.677,27.576,HARD,13.0,True,319.0,319.0,314.0,331.0,32.5,45.3,31.0,1.7727227277272308,0.0,False,False,False,False,True,5.0,#888888,5671.989,1
HAM,Mercedes,29.0,2.0,83.507,27.354,28.585,27.568,HARD,14.0,True,318.0,319.0,314.0,328.0,32.5,45.73632091193921,31.484801013265784,1.9363209119392069,0.0,False,False,False,False,True,5.0,#888888,5755.629,1
HAM,Mercedes,30.0,2.0,83.445,27.347,28.553,27.545,HARD,15.0,True,319.0,323.0,314.0,327.0,32.5,46.112345,32.0,1.9617249999999937,0.0,False,False,False,False,True,5.0,#888888,5839.136,1
HAM,Mercedes,31.0,2.0,83.36,27.406,28.477,27.477,HARD,16.0,True,319.0,320.0,314.0,328.0,32.47326765681519,46.04653531363038,32.0,1.8861412545215082,0.0,False,False,False,False,True,5.0,#888888,5922.581,1
HAM,Mercedes,32.0,2.0,83.328,27.289,28.539,27.5,HARD,17.0,True,319.0,320.0,314.0,330.0,32.465673382997515,45.9,32.0,1.365673382997517,0.0,False,False,False,False,True,5.0,#888888,6005.941,1
HAM,Mercedes,33.0,2.0,83.397,27.3,28.473,27.624,HARD,18.0,True,319.0,320.0,314.0,328.0,32.50908954552273,45.7,32.0,1.3954552272386382,0.0,False,False,False,False,True,4.0,#888888,6089.269,1
HAM,Mercedes,34.0,2.0,83.531,27.419,28.494,27.618,HARD,19.0,True,319.0,320.0,314.0,328.0,32.7,45.61293145114248,32.0,1.474137097715038,0.0,False,False,False,False,True,4.0,#888888,6172.666,1
HAM,Mercedes,35.0,2.0,83.378,27.375,28.4,27.603,HARD,20.0,True,319.0,320.0,314.0,328.0,32.7,45.5,31.172331594125588,1.5344663188251173,0.0,False,False,False,False,True,4.0,#888888,6256.197,1
HAM,Mercedes,36.0,2.0,83.601,27.404,28.475,27.722,HARD,21.0,True,319.0,320.0,313.0,327.0,32.578270070316925,45.4,32.0,1.2782700703169259,0.0,False,False,False,False,True,4.0,#888888,6339.575,1
HAM,Mercedes,37.0,2.0,88.349,27.414,28.692,32.243,HARD,22.0,True,319.0,319.0,0.0,328.0,32.5,45.27791887477919,32.0,1.1389594373895937,0.0,True,False,False,False,False,4.0,#888888,6423.176,1
HAM,Mercedes,38.0,3.0,102.426,46.782,28.18,27.464,HARD,1.0,True,323.0,312.0,313.0,285.0,32.5,45.18340139682964,31.0,1.491700698414816,0.0,False,True,False,False,False,6.0,#888888,6511.525,1
HAM,Mercedes,39.0,3.0,82.968,27.319,28.185,27.464,HARD,2.0,True,312.0,315.0,314.0,320.0,32.5,44.920993167805364,31.0,1.637020496583903,0.0,False,False,False,False,True,6.0,#888888,6613.951,1
HAM,Mercedes,40.0,3.0,83.012,27.251,28.312,27.449,HARD,3.0,True,311.0,316.0,314.0,321.0,32.5,44.86547378948246,32.0,1.2517893157763147,0.0,False,False,False,False,True,6.0,#888888,6696.919,1
HAM,Mercedes,41.0,3.0,82.927,27.27,28.351,27.306,HARD,4.0,True,312.0,316.0,314.0,323.0,32.5,44.7,32.0,1.5556307507667684,0.0,False,False,False,False,True,6.0,#888888,6779.931,1
HAM,Mercedes,42.0,3.0,82.52,27.153,28.04,27.327,HARD,5.0,True,314.0,317.0,314.0,326.0,32.406162614361655,44.51232522872331,32.0,1.3184878430849707,0.0,False,False,False,False,True,5.0,#888888,6862.858,1
HAM,Mercedes,43.0,3.0,82.396,27.199,27.994,27.203,HARD,6.0,True,316.0,320.0,315.0,324.0,32.5,44.968642979808926,32.0,1.4432148990446354,0.0,False,False,False,False,True,5.0,#888888,6945.378,1
HAM,Mercedes,44.0,3.0,82.136,27.07,27.861,27.205,HARD,7.0,True,316.0,318.0,316.0,326.0,32.43130488394181,44.9,32.0,1.3747804642327537,0.0,False,False,False,False,True,5.0,#888888,7027.774,1
HAM,Mercedes,45.0,3.0,82.176,27.054,27.86,27.262,HARD,8.0,True,317.0,319.0,316.0,327.0,32.39439936011731,44.6,32.05600639882688,1.505600639882688,0.0,False,False,False,False,True,5.0,#888888,7109.91,1
HAM,Mercedes,46.0,3.0,82.307,27.202,27.858,27.247,HARD,9.0,True,317.0,319.0,315.0,327.0,32.3,44.6,32.5745383025535,1.4723614907660503,0.0,False,False,False,False,True,5.0,#888888,7192.086,1
HAM,Mercedes,47.0,3.0,82.471,27.347,27.921,27.203,HARD,10.0,True,318.0,321.0,316.0,329.0,32.37973763605754,44.44052472788492,32.0,1.3,0.0,False,False,False,False,True,5.0,#888888,7274.393,1
HAM,Mercedes,48.0,3.0,82.794,27.345,28.08,27.369,HARD,11.0,True,319.0,324.0,317.0,333.0,32.382816769979335,44.2,32.0,1.6343664600413244,0.0,False,False,False,False,True,5.0,#888888,7356.864,1
HAM,Mercedes,49.0,3.0,82.446,27.239,28.038,27.169,HARD,12.0,True,319.0,322.0,316.0,328.0,32.3,44.2,32.55157585959766,1.4138968982816362,0.0,False,False,False,False,True,5.0,#888888,7439.658,1
HAM,Mercedes,50.0,3.0,82.243,27.129,27.892,27.222,HARD,13.0,True,318.0,320.0,317.0,326.0,32.3,44.10742240890756,32.074224089075564,1.5628879554622168,0.0,False,False,False,False,True,5.0,#888888,7522.104,1
HAM,Mercedes,51.0,3.0,82.737,27.129,28.19,27.418,HARD,14.0,True,317.0,319.0,317.0,328.0,32.3,44.1,32.296240150593874,1.481503939762451,0.0,False,False,False,False,True,5.0,#888888,7604.347,1
HAM,Mercedes,52.0,3.0,85.703,27.261,29.697,28.745,HARD,15.0,True,315.0,309.0,317.0,327.0,32.23253973543034,43.96507947086069,33.0,1.3349205291393156,0.0,False,False,False,False,True,5.0,#888888,7687.084,1
HAM,Mercedes,53.0,3.0,81.512,27.069,27.439,27.004,HARD,16.0,True,325.0,330.0,311.0,338.0,32.2,43.8,32.0,1.7102600843066367,0.0,False,False,False,False,True,5.0,#888888,7772.787,1
VER,Red Bull Racing,1.0,1.0,90.354,0.0,31.144,28.856,HARD,1.0,True,327.0,316.0,312.0,298.0,33.8,51.539250716618895,32.59812679154723,2.0794380374641688,0.0,False,False,False,True,False,6.0,#888888,3350.494,1
VER,Red Bull Racing,2.0,1.0,86.17,28.048,29.474,28.648,HARD,2.0,True,315.0,334.0,311.0,316.0,33.891189654885096,50.57048276091919,31.088103451148992,1.4440517255744956,0.0,False,False,False,False,True,6.0,#888888,3441.106,1
VER,Red Bull Racing,3.0,1.0,85.855,27.731,29.496,28.628,HARD,3.0,True,314.0,332.0,312.0,321.0,33.76517912214313,50.46964175571374,30.0,1.257134045709901,0.0,False,False,False,False,True,6.0,#888888,3527.276,1
VER,Red Bull Racing,4.0,1.0,85.633,27.884,29.335,28.414,HARD,4.0,True,313.0,318.0,312.0,317.0,33.7,50.6,30.77916277829623,1.9883348886815089,0.0,False,False,False,False,True,6.0,#888888,3613.131,1
VER,Red Bull Racing,5.0,1.0,85.218,27.721,29.22,28.277,HARD,5.0,True,313.0,318.0,312.0,317.0,33.7,50.67936010664889,30.206398933511082,2.196800533244459,0.0,False,False,False,False,True,6.0,#888888,3698.764,1
VER,Red Bull Racing,6.0,1.0,85.096,27.832,29.054,28.21,HARD,6.0,True,313.0,318.0,312.0,316.0,33.5747012848501,50.3494025697002,31.0,1.9252987151498993,0.0,False,False,False,False,True,6.0,#888888,3783.982,1
VER,Red Bull Racing,7.0,1.0,85.042,27.771,28.994,28.277,HARD,7.0,True,313.0,319.0,311.0,314.0,33.49553245714857,49.59553245714857,32.0,2.0329868572285297,0.0,False,False,False,False,True,6.0,#888888,3869.078,1
VER,Red Bull Racing,8.0,1.0,84.918,27.712,29.036,28.17,HARD,8.0,True,313.0,317.0,312.0,319.0,33.35383140484844,49.5,32.0,0.7846743806062207,0.0,False,False,False,False,True,6.0,#888888,3954.12,1
VER,Red Bull Racing,9.0,1.0,85.05,27.909,28.956,28.185,HARD,9.0,True,312.0,317.0,312.0,315.0,33.3,49.061415643072614,31.122831286145228,1.614018099698339,0.0,False,False,False,False,True,6.0,#888888,4039.038,1
VER,Red Bull Racing,10.0,1.0,84.964,27.82,29.008,28.136,HARD,10.0,True,310.0,317.0,312.0,318.0,33.3,48.670540788267644,31.0,1.3767552703941304,0.0,False,False,False,False,True,6.0,#888888,4124.088,1
VER,Red Bull Racing,11.0,1.0,84.978,27.799,28.99,28.189,HARD,11.0,True,310.0,315.0,312.0,317.0,33.22895065740139,48.45790131480278,31.0,1.5868519722041718,0.0,False,False,False,False,True,6.0,#888888,4209.052,1
VER,Red Bull Racing,12.0,1.0,84.968,27.821,28.994,28.153,HARD,12.0,True,312.0,316.0,311.0,317.0,33.18733814388322,47.68733814388322,31.126618561167863,1.5240288632992829,0.0,False,False,False,False,True,6.0,#888888,4294.03,1
VER,Red Bull Racing,13.0,1.0,84.957,27.806,28.95,28.201,HARD,13.0,True,311.0,317.0,313.0,319.0,33.04574404265956,47.6,31.45744042659557,1.1627678720213281,0.0,False,False,False,False,True,6.0,#888888,4378.998,1
VER,Red Bull Racing,14.0,1.0,85.287,27.749,29.246,28.292,HARD,14.0,True,312.0,317.0,314.0,319.0,33.0,47.50415666666667,31.0,2.2584333333333384,0.0,False,False,False,False,True,6.0,#888888,4463.955,1
VER,Red Bull Racing,15.0,1.0,85.746,27.726,29.288,28.732,HARD,15.0,True,315.0,327.0,310.0,330.0,32.9,47.96200580038669,31.0,2.1480232015467693,0.0,False,False,False,False,True,4.0,#888888,4549.242,1
VER,Red Bull Racing,16.0,1.0,85.244,27.735,29.177,28.332,HARD,16.0,True,309.0,311.0,311.0,323.0,32.81910649714219,47.9,31.0,1.98089350285781,0.0,False,False,False,False,True,3.0,#888888,4634.988,1
VER,Red Bull Racing,17.0,1.0,85.34,27.864,29.212,28.264,HARD,17.0,True,309.0,313.0,310.0,315.0,32.822949645082815,47.73115106475156,30.22949645082814,1.7852517745859289,0.0,False,False,False,False,True,2.0,#888888,4720.232,1
VER,Red Bull Racing,18.0,1.0,85.469,27.813,29.236,28.42,HARD,18.0,True,311.0,314.0,310.0,317.0,32.9,47.304579911034104,31.0,1.5954200889658967,0.0,False,False,False,False,True,2.0,#888888,4805.572,1
VER,Red Bull Racing,19.0,1.0,85.537,27.81,29.369,28.358,HARD,19.0,True,310.0,314.0,310.0,318.0,32.8,46.98486974782913,31.0,1.2848697478291313,0.0,False,False,False,False,True,1.0,#888888,4891.041,1
VER,Red Bull Racing,20.0,1.0,85.559,27.938,29.183,28.438,HARD,20.0,True,307.0,311.0,309.0,314.0,32.8,46.699738320249345,31.0,1.35065419937664,0.0,False,False,False,False,True,1.0,#888888,4976.578,1
VER,Red Bull Racing,21.0,1.0,85.381,27.905,29.1,28.376,HARD,21.0,True,306.0,311.0,308.0,315.0,32.8,46.50735634480577,31.0,2.1558619311653877,0.0,False,False,False,False,True,1.0,#888888,5062.137,1
VER,Red Bull Racing,22.0,1.0,89.668,28.025,29.184,32.459,HARD,22.0,True,307.0,311.0,0.0,315.0,32.76496692162842,46.26496692162842,31.64966921628422,1.8,0.0,True,False,False,False,False,2.0,#888888,5147.518,1
VER,Red Bull Racing,23.0,2.0,107.839,51.273,28.653,27.913,HARD,1.0,True,311.0,315.0,314.0,282.0,32.7,46.115551112221944,31.0,1.546653336665836,0.0,False,True,False,False,False,8.0,#888888,5237.186,1
VER,Red Bull Racing,24.0,2.0,83.545,27.251,28.532,27.762,HARD,2.0,True,312.0,313.0,312.0,329.0,32.6,45.77163477565171,31.0,1.4567304486965769,0.0,False,False,False,False,True,6.0,#888888,5345.025,1
VER,Red Bull Racing,25.0,2.0,83.801,27.63,28.498,27.673,HARD,3.0,True,306.0,312.0,313.0,317.0,32.6,45.8,31.966118360748638,1.796611836074864,0.0,False,False,False,False,True,6.0,#888888,5428.57,1
VER,Red Bull Racing,26.0,2.0,83.618,27.535,28.475,27.608,HARD,4.0,True,307.0,312.0,313.0,316.0,32.643057407654354,45.67082777703693,31.0,1.91528703827177,0.0,False,False,False,False,True,6.0,#888888,5512.371,1
VER,Red Bull Racing,27.0,2.0,83.524,27.544,28.388,27.592,HARD,5.0,True,307.0,314.0,313.0,317.0,32.61757166666667,45.5,31.0,2.2,0.0,False,False,False,False,True,6.0,#888888,5595.989,1
VER,Red Bull Racing,28.0,2.0,83.509,27.624,28.316,27.569,HARD,6.0,True,309.0,314.0,314.0,317.0,32.5,45.3,31.0,1.7351064893510664,0.0,False,False,False,False,True,6.0,#888888,5679.513,1
VER,Red Bull Racing,29.0,2.0,83.452,27.534,28.472,27.446,HARD,7.0,True,309.0,312.0,313.0,317.0,32.5,45.847208519432044,31.6080094660356,2.0472085194320413,0.0,False,False,False,False,True,6.0,#888888,5763.022,1
VER,Red Bull Racing,30.0,2.0,83.542,27.549,28.392,27.601,HARD,8.0,True,309.0,313.0,313.0,318.0,32.5,46.100115,32.0,1.900574999999996,0.0,False,False,False,False,True,6.0,#888888,5846.474,1
VER,Red Bull Racing,31.0,2.0,83.424,27.494,28.388,27.542,HARD,9.0,True,308.0,313.0,313.0,318.0,32.46087413111967,46.021748262239335,32.0,1.786993048957347,0.0,False,False,False,False,True,6.0,#888888,5930.016,1
VER,Red Bull Racing,32.0,2.0,83.49,27.48,28.364,27.646,HARD,10.0,True,309.0,314.0,313.0,318.0,32.478171091445425,45.9,32.0,1.3781710914454277,0.0,False,False,False,False,True,6.0,#888888,6013.44,1
VER,Red Bull Racing,33.0,2.0,83.621,27.49,28.59,27.541,HARD,11.0,True,309.0,313.0,314.0,318.0,32.5346249354199,45.7,32.0,1.3826875322900523,0.0,False,False,False,False,True,5.0,#888888,6096.93,1
VER,Red Bull Racing,34.0,2.0,83.576,27.573,28.473,27.53,HARD,12.0,True,310.0,316.0,316.0,318.0,32.7,45.5866485558574,32.0,1.5267028882851965,0.0,False,False,False,False,True,5.0,#888888,6180.551,1
VER,Red Bull Racing,35.0,2.0,83.589,27.47,28.491,27.628,HARD,13.0,True,311.0,316.0,315.0,322.0,32.7,45.5,31.040140692460277,1.508028138492055,0.0,False,False,False,False,True,5.0,#888888,6264.127,1
VER,Red Bull Racing,36.0,2.0,83.559,27.442,28.466,27.651,HARD,14.0,True,311.0,316.0,315.0,321.0,32.56470490218949,45.4,32.0,1.264704902189488,0.0,False,False,False,False,True,5.0,#888888,6347.716,1
VER,Red Bull Racing,37.0,2.0,83.485,27.43,28.508,27.547,HARD,15.0,True,310.0,316.0,316.0,323.0,32.5,45.25092490750925,32.0,1.1254624537546252,0.0,False,False,False,False,True,5.0,#888888,6431.275,1
VER,Red Bull Racing,38.0,2.0,83.427,27.5,28.381,27.546,HARD,16.0,True,309.0,313.0,314.0,322.0,32.5,45.172616805293956,31.0,1.4863084026469755,0.0,False,False,False,False,True,4.0,#888888,6514.76,1
VER,Red Bull Racing,39.0,2.0,83.501,27.433,28.441,27.627,HARD,17.0,True,313.0,317.0,315.0,318.0,32.5,44.9472621229795,31.0,1.5582136310614898,0.0,False,False,False,False,True,4.0,#888888,6598.187,1
VER,Red Bull Racing,40.0,2.0,84.337,27.654,28.924,27.759,HARD,18.0,True,310.0,313.0,314.0,337.0,32.5,44.9,31.9187842634096,1.240607868295201,0.0,False,False,False,False,True,4.0,#888888,6681.688,1
VER,Red Bull Racing,41.0,2.0,88.738,27.581,28.766,32.391,HARD,19.0,True,311.0,323.0,0.0,338.0,32.5,44.7,32.0,1.532450993465795,0.0,True,False,False,False,False,5.0,#888888,6766.025,1
VER,Red Bull Racing,42.0,3.0,104.09,47.115,29.109,27.866,MEDIUM,1.0,True,306.0,306.0,314.0,285.0,32.41965270718416,44.53930541436832,32.0,1.3589581215524844,0.0,False,True,False,False,False,6.0,#888888,6854.763,1
VER,Red Bull Racing,43.0,3.0,81.745,26.877,27.614,27.254,MEDIUM,2.0,True,318.0,322.0,303.0,330.0,32.5,44.94617603414642,32.0,1.330880170732112,0.0,False,False,False,False,True,6.0,#888888,6958.853,1
VER,Red Bull Racing,44.0,3.0,83.045,27.541,28.129,27.375,MEDIUM,3.0,True,305.0,311.0,315.0,312.0,32.40993618049423,44.9,32.0,1.4602552780230966,0.0,False,False,False,False,True,6.0,#888888,7040.598,1
VER,Red Bull Racing,45.0,3.0,83.363,27.387,28.389,27.587,MEDIUM,4.0,True,306.0,310.0,314.0,315.0,32.37151522220926,44.6,32.28484777790738,1.5284847777907382,0.0,False,False,False,False,True,6.0,#888888,7123.643,1
VER,Red Bull Racing,46.0,3.0,82.941,27.42,28.126,27.395,MEDIUM,5.0,True,308.0,312.0,315.0,315.0,32.3,44.6,32.32585505700379,1.397756517101138,0.0,False,False,False,False,True,6.0,#888888,7207.006,1
VER,Red Bull Racing,47.0,3.0,82.52,27.372,27.933,27.215,MEDIUM,6.0,True,308.0,314.0,315.0,316.0,32.4,44.38867389963835,32.0,1.3169891505424738,0.0,False,False,False,False,True,6.0,#888888,7289.947,1
VER,Red Bull Racing,48.0,3.0,82.57,27.332,28.011,27.227,MEDIUM,7.0,True,307.0,313.0,316.0,317.0,32.356816969939345,44.2,32.0,1.6863660601213082,0.0,False,False,False,False,True,6.0,#888888,7372.467,1
VER,Red Bull Racing,49.0,3.0,82.584,27.341,27.98,27.263,MEDIUM,8.0,True,308.0,313.0,316.0,318.0,32.3,44.2,32.80789679827998,1.2344722412040188,0.0,False,False,False,False,True,6.0,#888888,7455.037,1
VER,Red Bull Racing,50.0,3.0,82.585,27.313,28.095,27.177,MEDIUM,9.0,True,309.0,315.0,316.0,318.0,32.3,44.1,32.0,1.6,0.0,False,False,False,False,True,6.0,#888888,7537.621,1
VER,Red Bull Racing,51.0,3.0,82.574,27.291,28.043,27.24,MEDIUM,10.0,True,310.0,316.0,317.0,318.0,32.3,44.1,32.560429125922475,1.375828349631011,0.0,False,False,False,False,True,6.0,#888888,7620.206,1
VER,Red Bull Racing,52.0,3.0,82.92,27.286,28.412,27.222,MEDIUM,11.0,True,310.0,316.0,317.0,319.0,32.206389323914564,43.91277864782913,33.0,1.3872213521708705,0.0,False,False,False,False,True,6.0,#888888,7702.78,1
VER,Red Bull Racing,53.0,3.0,83.711,27.394,28.522,27.795,MEDIUM,12.0,True,311.0,322.0,314.0,319.0,32.2,43.8,32.0,1.7317749379363199,0.0,False,False,False,False,True,6.0,#888888,7785.7,1
RUS,Mercedes,1.0,1.0,91.512,0.0,31.627,29.493,MEDIUM,1.0,True,323.0,322.0,305.0,287.0,33.8,51.539250716618895,32.59812679154723,2.0794380374641688,0.0,False,False,False,True,False,7.0,#888888,3350.494,1
RUS,Mercedes,2.0,1.0,86.055,27.76,29.574,28.721,MEDIUM,2.0,True,323.0,336.0,310.0,335.0,33.89311936542852,50.555045076571844,31.06880634571481,1.4344031728574038,0.0,False,False,False,False,True,7.0,#888888,3442.264,1
RUS,Mercedes,3.0,1.0,85.733,27.459,29.557,28.717,MEDIUM,3.0,True,320.0,334.0,311.0,339.0,33.76344041208929,50.47311917582143,30.0,1.2849534065714239,0.0,False,False,False,False,True,7.0,#888888,3528.319,1
RUS,Mercedes,4.0,1.0,85.762,27.611,29.727,28.424,MEDIUM,4.0,True,315.0,319.0,311.0,339.0,33.7,50.6,30.794510731902417,1.9821957072390328,0.0,False,False,False,False,True,7.0,#888888,3614.052,1
RUS,Mercedes,5.0,1.0,85.494,27.579,29.38,28.535,MEDIUM,5.0,True,318.0,320.0,309.0,326.0,33.7,50.67761039826696,30.22389601733044,2.1880519913347793,0.0,False,False,False,False,True,7.0,#888888,3699.814,1
RUS,Mercedes,6.0,1.0,85.101,27.434,29.34,28.327,MEDIUM,6.0,True,320.0,322.0,311.0,328.0,33.57028180045661,50.34056360091323,31.0,1.9297181995433867,0.0,False,False,False,False,True,7.0,#888888,3785.308,1
RUS,Mercedes,7.0,1.0,85.046,27.433,29.295,28.318,MEDIUM,7.0,True,320.0,321.0,310.0,328.0,33.49331534322789,49.59331534322789,32.0,1.9997301484183718,0.0,False,False,False,False,True,7.0,#888888,3870.409,1
RUS,Mercedes,8.0,1.0,85.216,27.494,29.293,28.429,MEDIUM,8.0,True,319.0,320.0,310.0,329.0,33.35160558871586,49.5,32.0,0.7935776451365488,0.0,False,False,False,False,True,7.0,#888888,3955.455,1
RUS,Mercedes,9.0,1.0,85.115,27.487,29.253,28.375,MEDIUM,9.0,True,320.0,321.0,311.0,328.0,33.3,49.04780753654106,31.09561507308212,1.6330694488425181,0.0,False,False,False,False,True,7.0,#888888,4040.671,1
RUS,Mercedes,10.0,1.0,85.468,27.438,29.406,28.624,MEDIUM,10.0,True,319.0,320.0,309.0,328.0,33.3,48.66771102408133,31.0,1.3937338555120402,0.0,False,False,False,False,True,7.0,#888888,4125.786,1
RUS,Mercedes,11.0,1.0,91.175,28.145,29.923,33.107,MEDIUM,11.0,True,314.0,321.0,0.0,323.0,33.22528120781883,48.450562415637656,31.0,1.575843623456483,0.0,True,False,False,False,False,8.0,#888888,4211.254,1
RUS,Mercedes,12.0,2.0,113.412,56.118,29.072,28.222,HARD,1.0,True,320.0,311.0,310.0,283.0,33.17334144349826,47.67334144349826,31.26658556501742,1.4400486609895498,0.0,False,True,False,False,False,16.0,#888888,4302.429,1
RUS,Mercedes,13.0,2.0,84.546,27.53,28.977,28.039,HARD,2.0,True,314.0,318.0,314.0,320.0,33.0,47.58434666666667,31.0,1.4565333333333457,0.0,False,False,False,False,True,16.0,#888888,4415.841,1
RUS,Mercedes,14.0,2.0,84.548,27.378,29.009,28.161,HARD,3.0,True,311.0,313.0,310.0,348.0,32.94343478115937,47.78282609420314,31.0,2.3,0.0,False,False,False,False,True,15.0,#888888,4500.387,1
RUS,Mercedes,15.0,2.0,84.56,27.568,28.915,28.077,HARD,4.0,True,315.0,316.0,310.0,324.0,32.9,47.902513500900056,31.0,1.9100540036002387,0.0,False,False,False,False,True,14.0,#888888,4584.935,1
RUS,Mercedes,16.0,2.0,84.692,27.635,28.894,28.163,HARD,5.0,True,315.0,317.0,310.0,324.0,32.8,47.861601533205565,30.61601533205566,1.9616015332055659,0.0,False,False,False,False,True,13.0,#888888,4669.495,1
RUS,Mercedes,17.0,2.0,84.546,27.493,28.953,28.1,HARD,6.0,True,316.0,317.0,312.0,325.0,32.87952811010764,47.561415669677075,30.795281101076416,1.5023594494617925,0.0,False,False,False,False,True,12.0,#888888,4754.187,1
RUS,Mercedes,18.0,2.0,84.521,27.433,28.899,28.189,HARD,7.0,True,317.0,319.0,312.0,327.0,32.87960703929607,47.15921407859214,31.0,1.6184281571842813,0.0,False,False,False,False,True,11.0,#888888,4838.733,1
RUS,Mercedes,19.0,2.0,84.706,27.54,28.883,28.283,HARD,8.0,True,317.0,319.0,313.0,327.0,32.8,46.87749129152152,31.0,1.1774912915215268,0.0,False,False,False,False,True,11.0,#888888,4923.254,1
RUS,Mercedes,20.0,2.0,85.504,27.574,29.193,28.737,HARD,9.0,True,321.0,327.0,315.0,330.0,32.8,46.59756564596966,31.0,1.6146061241820315,0.0,False,False,False,False,True,10.0,#888888,5007.96,1
RUS,Mercedes,21.0,2.0,84.626,27.469,29.062,28.095,HARD,10.0,True,317.0,317.0,312.0,330.0,32.8,46.410213546880215,31.44893226559893,2.0204270937604285,0.0,False,False,False,False,True,9.0,#888888,5093.464,1
RUS,Mercedes,22.0,2.0,84.711,27.511,29.038,28.162,HARD,11.0,True,316.0,316.0,313.0,327.0,32.71402123014881,46.21402123014881,31.140212301488106,1.8,0.0,False,False,False,False,True,9.0,#888888,5178.09,1
RUS,Mercedes,23.0,2.0,84.624,27.513,28.933,28.178,HARD,12.0,True,319.0,319.0,313.0,324.0,32.67286288104802,46.04572576209603,31.0,1.4185886431440513,0.0,False,False,False,False,True,9.0,#888888,5262.801,1
RUS,Mercedes,24.0,2.0,84.621,27.518,29.016,28.087,HARD,13.0,True,325.0,330.0,316.0,329.0,32.6,45.76363424228282,31.0,1.472731515434363,0.0,False,False,False,False,True,9.0,#888888,5347.425,1
RUS,Mercedes,25.0,2.0,85.174,27.476,29.621,28.077,HARD,14.0,True,331.0,328.0,314.0,343.0,32.6,45.8,31.908187923937135,1.7908187923937136,0.0,False,False,False,False,True,8.0,#888888,5432.046,1
RUS,Mercedes,26.0,2.0,83.575,27.402,28.5,27.673,HARD,15.0,True,319.0,322.0,315.0,329.0,32.651140152020275,45.64657954393919,31.0,1.9557007601013485,0.0,False,False,False,False,True,8.0,#888888,5517.22,1
RUS,Mercedes,27.0,2.0,83.732,27.426,28.601,27.705,HARD,16.0,True,315.0,318.0,315.0,330.0,32.60956166666667,45.5,31.0,2.2,0.0,False,False,False,False,True,8.0,#888888,5600.795,1
RUS,Mercedes,28.0,2.0,83.383,27.343,28.441,27.599,HARD,17.0,True,320.0,322.0,315.0,332.0,32.5,45.3,31.0,1.7100389961003906,0.0,False,False,False,False,True,8.0,#888888,5684.527,1
RUS,Mercedes,29.0,2.0,83.516,27.399,28.533,27.584,HARD,18.0,True,319.0,322.0,315.0,331.0,32.5,45.92052363175789,31.689470701953205,2.120523631757885,0.0,False,False,False,False,True,8.0,#888888,5767.91,1
RUS,Mercedes,30.0,2.0,83.177,27.313,28.447,27.417,HARD,19.0,True,320.0,340.0,318.0,339.0,32.5,46.1,32.0,1.9162763953934123,0.0,False,False,False,False,True,8.0,#888888,5851.426,1
RUS,Mercedes,31.0,2.0,85.331,27.824,29.75,27.757,HARD,20.0,True,309.0,328.0,316.0,342.0,32.45322798419763,46.00645596839526,32.0,1.7258238735810345,0.0,False,False,False,False,True,8.0,#888888,5934.603,1
RUS,Mercedes,32.0,2.0,83.542,27.315,28.746,27.481,HARD,21.0,True,317.0,328.0,316.0,336.0,32.488993883639154,45.9,32.0,1.3889938836391522,0.0,False,False,False,False,True,8.0,#888888,6019.934,1
RUS,Mercedes,33.0,2.0,88.264,27.62,28.64,32.004,HARD,22.0,True,319.0,329.0,0.0,336.0,32.556443844474444,45.7,32.0,1.3717780777627795,0.0,True,False,False,False,False,8.0,#888888,6103.476,1
RUS,Mercedes,34.0,3.0,104.863,49.056,28.275,27.532,HARD,1.0,True,326.0,321.0,317.0,285.0,32.7,45.549352510791486,32.0,1.6012949784170234,0.0,False,True,False,False,False,12.0,#888888,6191.74,1
RUS,Mercedes,35.0,3.0,82.944,27.148,28.327,27.469,HARD,2.0,True,316.0,318.0,315.0,335.0,32.649885831430524,45.44988583143052,31.501141685694765,1.3997716628610466,0.0,False,False,False,False,True,11.0,#888888,6296.603,1
RUS,Mercedes,36.0,3.0,83.333,27.329,28.375,27.629,HARD,3.0,True,318.0,323.0,317.0,326.0,32.51166561135735,45.4,32.0,1.2116656113573503,0.0,False,False,False,False,True,10.0,#888888,6379.547,1
RUS,Mercedes,37.0,3.0,83.158,27.318,28.494,27.346,HARD,4.0,True,321.0,331.0,320.0,330.0,32.5,45.2,31.727863715162023,1.2088545139351912,0.0,False,False,False,False,True,9.0,#888888,6462.88,1
RUS,Mercedes,38.0,3.0,85.166,28.506,29.279,27.381,HARD,5.0,True,324.0,317.0,316.0,320.0,32.5,45.068344640208025,31.0,1.4341723201040126,0.0,False,False,False,False,True,8.0,#888888,6546.038,1
RUS,Mercedes,39.0,3.0,83.142,27.338,28.31,27.494,HARD,6.0,True,318.0,322.0,315.0,324.0,32.5,44.9,31.077566527252426,1.6612167363737878,0.0,False,False,False,False,True,8.0,#888888,6631.204,1
RUS,Mercedes,40.0,3.0,82.886,27.276,28.216,27.394,HARD,7.0,True,320.0,323.0,317.0,328.0,32.5,44.80737894824569,32.0,1.3389315776314679,0.0,False,False,False,False,True,8.0,#888888,6714.346,1
RUS,Mercedes,41.0,3.0,84.039,27.443,28.685,27.911,HARD,8.0,True,313.0,325.0,320.0,336.0,32.5,44.7,32.0,1.5844695959461264,0.0,False,False,False,False,True,8.0,#888888,6797.232,1
RUS,Mercedes,42.0,3.0,82.799,27.086,28.337,27.376,HARD,9.0,True,318.0,317.0,314.0,349.0,32.42451887028243,44.62259435141215,32.0,1.3735566108472885,0.0,False,False,False,False,True,7.0,#888888,6881.271,1
RUS,Mercedes,43.0,3.0,82.939,27.4,28.273,27.266,HARD,10.0,True,314.0,316.0,315.0,327.0,32.5,44.937477699784914,32.0,1.2873884989245887,0.0,False,False,False,False,True,7.0,#888888,6964.07,1
RUS,Mercedes,44.0,3.0,82.923,27.219,28.391,27.313,HARD,11.0,True,320.0,318.0,316.0,328.0,32.4,44.897759551910376,32.0,1.5,0.0,False,False,False,False,True,7.0,#888888,7047.009,1
RUS,Mercedes,45.0,3.0,82.685,27.348,28.103,27.234,HARD,12.0,True,316.0,318.0,316.0,325.0,32.361035476829244,44.6,32.38964523170751,1.5389645231707514,0.0,False,False,False,False,True,7.0,#888888,7129.932,1
RUS,Mercedes,46.0,3.0,82.419,27.272,28.032,27.115,HARD,13.0,True,319.0,320.0,316.0,326.0,32.3,44.6,32.232332155477025,1.3696996466431075,0.0,False,False,False,False,True,7.0,#888888,7212.617,1
RUS,Mercedes,47.0,3.0,82.343,27.287,27.957,27.099,HARD,14.0,True,320.0,322.0,317.0,327.0,32.4,44.37171141442928,32.0,1.3424328783560828,0.0,False,False,False,False,True,7.0,#888888,7295.036,1
RUS,Mercedes,48.0,3.0,82.165,27.234,27.883,27.048,HARD,15.0,True,321.0,323.0,317.0,330.0,32.34863194027861,44.2,32.0,1.702736119442778,0.0,False,False,False,False,True,7.0,#888888,7377.379,1
RUS,Mercedes,49.0,3.0,82.036,27.174,27.825,27.037,HARD,16.0,True,321.0,323.0,316.0,329.0,32.3,44.2,32.883014716911944,1.1818896981616391,0.0,False,False,False,False,True,7.0,#888888,7459.544,1
RUS,Mercedes,50.0,3.0,82.156,27.183,27.96,27.013,HARD,17.0,True,319.0,322.0,318.0,331.0,32.3,44.1,32.0,1.6,0.0,False,False,False,False,True,7.0,#888888,7541.58,1
RUS,Mercedes,51.0,3.0,82.311,27.068,28.135,27.108,HARD,18.0,True,320.0,321.0,318.0,329.0,32.3,44.1,32.61923403688217,1.3523063852471315,0.0,False,False,False,False,True,7.0,#888888,7623.736,1
RUS,Mercedes,52.0,3.0,82.447,27.124,28.147,27.176,HARD,19.0,True,326.0,325.0,317.0,342.0,32.200946319682785,43.90189263936556,33.0,1.3981073606344332,0.0,False,False,False,False,True,7.0,#888888,7706.047,1
RUS,Mercedes,53.0,3.0,82.7,27.16,27.971,27.569,HARD,20.0,True,321.0,326.0,316.0,332.0,32.2,43.8,32.0,1.7364301304586875,0.0,False,False,False,False,True,7.0,#888888,7788.494,1
PER,Red Bull Racing,1.0,1.0,91.698,0.0,31.761,29.279,HARD,1.0,True,340.0,318.0,312.0,284.0,33.8,51.539250716618895,32.59812679154723,2.0794380374641688,0.0,False,False,False,True,False,8.0,#888888,3350.494,1
PER,Red Bull Racing,2.0,1.0,86.411,27.938,29.614,28.859,HARD,2.0,True,317.0,338.0,312.0,334.0,33.89342931893549,50.552565448516056,31.065706810645075,1.4328534053225366,0.0,False,False,False,False,True,8.0,#888888,3442.45,1
PER,Red Bull Racing,3.0,1.0,85.757,27.641,29.539,28.577,HARD,3.0,True,313.0,333.0,312.0,325.0,33.76253688299131,50.47492623401737,30.0,1.2994098721389613,0.0,False,False,False,False,True,8.0,#888888,3528.861,1
PER,Red Bull Racing,4.0,1.0,85.805,27.729,29.608,28.468,HARD,4.0,True,310.0,335.0,312.0,319.0,33.7,50.6,30.803942807625653,1.9784228769497394,0.0,False,False,False,False,True,8.0,#888888,3614.618,1
PER,Red Bull Racing,5.0,1.0,85.447,27.791,29.396,28.26,HARD,5.0,True,309.0,323.0,313.0,311.0,33.7,50.676595567405435,30.23404432594567,2.1829778370271646,0.0,False,False,False,False,True,8.0,#888888,3700.423,1
PER,Red Bull Racing,6.0,1.0,85.105,27.708,29.113,28.284,HARD,6.0,True,312.0,326.0,312.0,308.0,33.56840868565334,50.33681737130669,31.0,1.9315913143466594,0.0,False,False,False,False,True,8.0,#888888,3785.87,1
PER,Red Bull Racing,7.0,1.0,85.434,27.54,29.215,28.679,HARD,7.0,True,314.0,327.0,310.0,319.0,33.492372528442694,49.592372528442695,32.0,1.9855879266403547,0.0,False,False,False,False,True,8.0,#888888,3870.975,1
PER,Red Bull Racing,8.0,1.0,85.186,27.589,29.255,28.342,HARD,8.0,True,312.0,316.0,312.0,322.0,33.350015005502016,49.5,32.0,0.7999399779919303,0.0,False,False,False,False,True,8.0,#888888,3956.409,1
PER,Red Bull Racing,9.0,1.0,84.977,27.531,29.183,28.263,HARD,9.0,True,314.0,318.0,312.0,321.0,33.3,49.04010766487225,31.080215329744508,1.6438492691788456,0.0,False,False,False,False,True,8.0,#888888,4041.595,1
PER,Red Bull Racing,10.0,1.0,84.841,27.446,29.014,28.381,HARD,10.0,True,314.0,329.0,317.0,327.0,33.3,48.6664011332389,31.0,1.4015932005666196,0.0,False,False,False,False,True,8.0,#888888,4126.572,1
PER,Red Bull Racing,11.0,1.0,84.773,27.488,29.083,28.202,HARD,11.0,True,325.0,316.0,311.0,328.0,33.22501624756287,48.45003249512573,31.0,1.5750487426885997,0.0,False,False,False,False,True,7.0,#888888,4211.413,1
PER,Red Bull Racing,12.0,1.0,84.654,27.581,28.805,28.268,HARD,12.0,True,315.0,320.0,310.0,319.0,33.1837452297232,47.6837452297232,31.16254770276801,1.5024713783391956,0.0,False,False,False,False,True,7.0,#888888,4296.186,1
PER,Red Bull Racing,13.0,1.0,85.041,27.678,28.947,28.416,HARD,13.0,True,314.0,318.0,311.0,317.0,33.04267455424096,47.6,31.426745542409595,1.1719763372771217,0.0,False,False,False,False,True,7.0,#888888,4380.84,1
PER,Red Bull Racing,14.0,1.0,85.229,27.6,29.151,28.478,HARD,14.0,True,314.0,319.0,311.0,321.0,33.0,47.500946666666664,31.0,2.290533333333345,0.0,False,False,False,False,True,7.0,#888888,4465.881,1
PER,Red Bull Racing,15.0,1.0,85.543,27.751,29.282,28.51,HARD,15.0,True,315.0,320.0,310.0,317.0,32.9,47.95889225948397,31.0,2.1355690379358654,0.0,False,False,False,False,True,5.0,#888888,4551.11,1
PER,Red Bull Racing,16.0,1.0,85.434,27.696,29.265,28.473,HARD,16.0,True,315.0,317.0,311.0,323.0,32.816332005798934,47.9,31.0,1.9836679942010638,0.0,False,False,False,False,True,4.0,#888888,4636.653,1
PER,Red Bull Racing,17.0,1.0,85.444,27.773,29.249,28.422,HARD,17.0,True,314.0,317.0,311.0,318.0,32.826040590528876,47.72187822841337,30.260405905288774,1.7697970473556122,0.0,False,False,False,False,True,3.0,#888888,4722.087,1
PER,Red Bull Racing,18.0,1.0,85.448,27.72,29.294,28.434,HARD,18.0,True,314.0,317.0,311.0,322.0,32.9,47.29478866434534,31.0,1.6052113356546651,0.0,False,False,False,False,True,3.0,#888888,4807.531,1
PER,Red Bull Racing,19.0,1.0,85.683,27.756,29.355,28.572,HARD,19.0,True,315.0,318.0,309.0,322.0,32.8,46.97840964016067,31.0,1.2784096401606697,0.0,False,False,False,False,True,3.0,#888888,4892.979,1
PER,Red Bull Racing,20.0,1.0,86.111,27.787,29.628,28.696,HARD,20.0,True,313.0,316.0,308.0,316.0,32.8,46.692791306231975,31.0,1.3680217344200576,0.0,False,False,False,False,True,2.0,#888888,4978.662,1
PER,Red Bull Racing,21.0,1.0,85.864,27.869,29.534,28.461,HARD,21.0,True,312.0,316.0,309.0,318.0,32.8,46.50296718117788,31.0,2.182196912932713,0.0,False,False,False,False,True,2.0,#888888,5064.773,1
PER,Red Bull Racing,22.0,1.0,85.709,27.777,29.491,28.441,HARD,22.0,True,314.0,316.0,308.0,321.0,32.75976936792814,46.25976936792814,31.597693679281445,1.8,0.0,False,False,False,False,True,1.0,#888888,5150.637,1
PER,Red Bull Racing,23.0,1.0,89.869,27.746,29.216,32.907,HARD,23.0,True,312.0,314.0,0.0,318.0,32.7,46.11695076230942,31.0,1.550852286928271,0.0,True,False,False,False,False,4.0,#888888,5236.346,1
PER,Red Bull Racing,24.0,2.0,105.017,48.1,28.804,28.113,HARD,1.0,True,316.0,320.0,316.0,284.0,32.6,45.83433895593039,31.0,1.3313220881392098,0.0,False,True,False,False,False,8.0,#888888,5326.215,1
PER,Red Bull Racing,25.0,2.0,84.109,27.309,28.892,27.908,HARD,2.0,True,310.0,318.0,312.0,336.0,32.6,45.8,31.92175391230439,1.792175391230439,0.0,False,False,False,False,True,7.0,#888888,5431.232,1
PER,Red Bull Racing,26.0,2.0,83.975,27.423,28.737,27.815,HARD,3.0,True,312.0,315.0,312.0,318.0,32.64800806774237,45.6559757967729,31.0,1.9400403387118308,0.0,False,False,False,False,True,7.0,#888888,5515.341,1
PER,Red Bull Racing,27.0,2.0,83.784,27.408,28.619,27.757,HARD,4.0,True,311.0,316.0,313.0,320.0,32.61202666666667,45.5,31.0,2.2,0.0,False,False,False,False,True,7.0,#888888,5599.316,1
PER,Red Bull Racing,28.0,2.0,83.598,27.394,28.551,27.653,HARD,5.0,True,311.0,315.0,313.0,320.0,32.5,45.3,31.0,1.717173282671732,0.0,False,False,False,False,True,7.0,#888888,5683.1,1
PER,Red Bull Racing,29.0,2.0,83.854,27.533,28.726,27.595,HARD,6.0,True,310.0,314.0,313.0,319.0,32.5,45.9023448436771,31.669272048530107,2.1023448436770975,0.0,False,False,False,False,True,7.0,#888888,5766.698,1
PER,Red Bull Racing,30.0,2.0,83.474,27.502,28.485,27.487,HARD,7.0,True,311.0,314.0,314.0,319.0,32.5,46.1,32.0,1.913363110614823,0.0,False,False,False,False,True,7.0,#888888,5850.552,1
PER,Red Bull Racing,31.0,2.0,85.086,28.338,29.149,27.599,HARD,8.0,True,309.0,311.0,312.0,316.0,32.45418979513594,46.00837959027187,32.0,1.733518361087497,0.0,False,False,False,False,True,7.0,#888888,5934.026,1
PER,Red Bull Racing,32.0,2.0,83.825,27.527,28.753,27.545,HARD,9.0,True,308.0,312.0,312.0,317.0,32.48762395213573,45.9,32.0,1.3876239521357272,0.0,False,False,False,False,True,7.0,#888888,6019.112,1
PER,Red Bull Racing,33.0,2.0,83.473,27.359,28.591,27.523,HARD,10.0,True,311.0,313.0,313.0,335.0,32.55464726763662,45.7,32.0,1.3726763661816914,0.0,False,False,False,False,True,7.0,#888888,6102.937,1
PER,Red Bull Racing,34.0,2.0,83.611,27.423,28.521,27.667,HARD,11.0,True,311.0,315.0,314.0,338.0,32.7,45.56711888135198,32.0,1.5657622372960427,0.0,False,False,False,False,True,7.0,#888888,6186.41,1
PER,Red Bull Racing,35.0,2.0,88.255,27.529,28.532,32.194,HARD,12.0,True,311.0,316.0,0.0,320.0,32.694189903165054,45.49418990316505,31.05810096834947,1.488379806330106,0.0,True,False,False,False,False,7.0,#888888,6270.021,1
PER,Red Bull Racing,36.0,3.0,104.074,47.125,28.868,28.081,MEDIUM,1.0,True,313.0,324.0,315.0,284.0,32.54710900789816,45.4,32.0,1.2471090078981568,0.0,False,True,False,False,False,9.0,#888888,6358.276,1
PER,Red Bull Racing,37.0,3.0,83.291,27.386,28.558,27.347,MEDIUM,2.0,True,307.0,310.0,314.0,331.0,32.5,45.2,31.736698226430185,1.2053207094279252,0.0,False,False,False,False,True,8.0,#888888,6462.35,1
PER,Red Bull Racing,38.0,3.0,86.243,28.912,29.679,27.652,MEDIUM,3.0,True,311.0,323.0,316.0,320.0,32.5,45.06966812794826,31.0,1.4348340639741308,0.0,False,False,False,False,True,9.0,#888888,6545.641,1
PER,Red Bull Racing,39.0,3.0,83.707,27.5,28.757,27.45,MEDIUM,4.0,True,308.0,313.0,316.0,320.0,32.5,44.9,31.08889740556213,1.6555512972189355,0.0,False,False,False,False,True,9.0,#888888,6631.884,1
PER,Red Bull Racing,40.0,3.0,83.393,27.426,28.451,27.516,MEDIUM,5.0,True,309.0,314.0,315.0,319.0,32.5,44.803228602383534,32.0,1.3451570964247046,0.0,False,False,False,False,True,9.0,#888888,6715.591,1
PER,Red Bull Racing,41.0,3.0,83.267,27.254,28.382,27.631,MEDIUM,6.0,True,313.0,322.0,316.0,325.0,32.5,44.7,32.0,1.5873899853313782,0.0,False,False,False,False,True,9.0,#888888,6798.984,1
PER,Red Bull Racing,42.0,3.0,83.908,27.376,28.603,27.929,MEDIUM,7.0,True,315.0,330.0,314.0,325.0,32.426151795384484,44.63075897692244,32.0,1.3784553861534643,0.0,False,False,False,False,True,9.0,#888888,6882.251,1
PER,Red Bull Racing,43.0,3.0,84.537,27.618,28.976,27.943,MEDIUM,8.0,True,309.0,324.0,316.0,319.0,32.5,44.933994697967556,32.0,1.2699734898377728,0.0,False,False,False,False,True,9.0,#888888,6966.159,1
PER,Red Bull Racing,44.0,3.0,83.617,27.303,28.77,27.544,MEDIUM,9.0,True,307.0,314.0,315.0,351.0,32.4,44.87932086417283,32.0,1.5,0.0,False,False,False,False,True,8.0,#888888,7050.696,1
PER,Red Bull Racing,45.0,3.0,83.033,27.423,28.172,27.438,MEDIUM,10.0,True,312.0,317.0,315.0,318.0,32.3537351485561,44.6,32.46264851443902,1.546264851443902,0.0,False,False,False,False,True,8.0,#888888,7134.313,1
PER,Red Bull Racing,46.0,3.0,82.996,27.319,28.2,27.477,MEDIUM,11.0,True,313.0,317.0,314.0,320.0,32.3,44.6,32.153510234015606,1.3460530702046811,0.0,False,False,False,False,True,8.0,#888888,7217.346,1
PER,Red Bull Racing,47.0,3.0,82.971,27.317,28.12,27.534,MEDIUM,12.0,True,314.0,318.0,315.0,320.0,32.4,44.35402563205173,32.0,1.3689615519224025,0.0,False,False,False,False,True,8.0,#888888,7300.342,1
PER,Red Bull Racing,48.0,3.0,83.315,27.481,28.224,27.61,MEDIUM,13.0,True,312.0,316.0,314.0,321.0,32.338743917883086,44.2,32.0,1.7225121642338201,0.0,False,False,False,False,True,8.0,#888888,7383.313,1
PER,Red Bull Racing,49.0,3.0,83.612,27.546,28.309,27.757,MEDIUM,14.0,True,311.0,315.0,313.0,320.0,32.3,44.19989165583225,32.998916558322506,1.1005417208387474,0.0,False,False,False,False,True,8.0,#888888,7466.628,1
PER,Red Bull Racing,50.0,3.0,83.39,27.408,28.351,27.631,MEDIUM,15.0,True,312.0,316.0,314.0,319.0,32.3,44.1,32.0,1.6,0.0,False,False,False,False,True,8.0,#888888,7550.24,1
PER,Red Bull Racing,51.0,3.0,83.415,27.384,28.337,27.694,MEDIUM,16.0,True,312.0,316.0,314.0,319.0,32.3,44.1,32.78405437371937,1.2863782505122514,0.0,False,False,False,False,True,8.0,#888888,7633.63,1
PER,Red Bull Racing,52.0,3.0,84.071,27.477,28.59,28.004,MEDIUM,17.0,True,311.0,315.0,309.0,318.0,32.2,43.88262072183157,32.82620721831572,1.4521378345052833,0.0,False,False,False,False,True,8.0,#888888,7717.045,1
PER,Red Bull Racing,53.0,3.0,84.511,27.669,28.835,28.007,MEDIUM,18.0,True,312.0,318.0,311.0,318.0,32.2,43.8,32.0,1.7574601376230858,0.0,False,False,False,False,True,8.0,#888888,7801.116,1
ALB,Williams,1.0,1.0,91.965,0.0,32.089,29.091,MEDIUM,1.0,True,330.0,315.0,314.0,288.0,33.8,51.539250716618895,32.59812679154723,2.0794380374641688,0.0,False,False,False,True,False,9.0,#888888,3350.494,1
ALB,Williams,2.0,1.0,87.011,28.097,29.802,29.112,MEDIUM,2.0,True,320.0,339.0,308.0,327.0,33.8938742521955,50.549005982435965,31.061257478044958,1.4306287390224792,0.0,False,False,False,False,True,9.0,#888888,3442.717,1
ALB,Williams,3.0,1.0,86.282,27.753,29.699,28.83,MEDIUM,3.0,True,318.0,324.0,310.0,339.0,33.76109156984013,50.477816860319734,30.0,1.3225348825578904,0.0,False,False,False,False,True,9.0,#888888,3529.728,1
ALB,Williams,4.0,1.0,86.527,27.873,29.932,28.722,MEDIUM,4.0,True,311.0,313.0,309.0,329.0,33.7,50.6,30.827139714704714,1.969144114118115,0.0,False,False,False,False,True,9.0,#888888,3616.01,1
ALB,Williams,5.0,1.0,86.039,27.704,29.522,28.813,MEDIUM,5.0,True,314.0,316.0,309.0,330.0,33.7,50.67307282119647,30.269271788035322,2.1653641059823387,0.0,False,False,False,False,True,9.0,#888888,3702.537,1
ALB,Williams,6.0,1.0,85.946,27.696,29.633,28.617,MEDIUM,6.0,True,314.0,315.0,309.0,327.0,33.55938973786392,50.31877947572784,31.0,1.9406102621360843,0.0,False,False,False,False,True,9.0,#888888,3788.576,1
ALB,Williams,7.0,1.0,85.99,27.815,29.4,28.775,MEDIUM,7.0,True,310.0,314.0,309.0,324.0,33.4864641114054,49.5864641114054,32.0,1.8969616710809114,0.0,False,False,False,False,True,9.0,#888888,3874.522,1
ALB,Williams,8.0,1.0,85.963,27.8,29.64,28.523,MEDIUM,8.0,True,309.0,312.0,308.0,324.0,33.34317416386008,49.5,32.0,0.8273033445596721,0.0,False,False,False,False,True,9.0,#888888,3960.512,1
ALB,Williams,9.0,1.0,85.666,27.709,29.21,28.747,MEDIUM,9.0,True,312.0,313.0,308.0,336.0,33.3,48.99966501674916,31.0,1.6994416945819375,0.0,False,False,False,False,True,9.0,#888888,4046.475,1
ALB,Williams,10.0,1.0,85.711,27.728,29.351,28.632,MEDIUM,10.0,True,309.0,314.0,309.0,327.0,33.3,48.65712023998,31.0,1.4572785601199851,0.0,False,False,False,False,True,9.0,#888888,4132.141,1
ALB,Williams,11.0,1.0,85.734,27.781,29.309,28.644,MEDIUM,11.0,True,310.0,314.0,309.0,325.0,33.21428619040478,48.42857238080955,31.0,1.5428585712143195,0.0,False,False,False,False,True,9.0,#888888,4217.852,1
ALB,Williams,12.0,1.0,85.468,27.873,29.147,28.448,MEDIUM,12.0,True,310.0,315.0,308.0,322.0,33.171413335110906,47.671413335110906,31.285866648890966,1.4284800106654194,0.0,False,False,False,False,True,8.0,#888888,4303.586,1
ALB,Williams,13.0,1.0,85.533,27.847,29.199,28.487,MEDIUM,13.0,True,310.0,315.0,309.0,324.0,33.02898683552741,47.6,31.289868355274116,1.213039493417765,0.0,False,False,False,False,True,8.0,#888888,4389.054,1
ALB,Williams,14.0,1.0,86.14,27.867,29.548,28.725,MEDIUM,14.0,True,310.0,313.0,308.0,322.0,32.98643621454048,47.56781892729758,31.0,2.3,0.0,False,False,False,False,True,8.0,#888888,4474.587,1
ALB,Williams,15.0,1.0,86.463,27.962,29.723,28.778,MEDIUM,15.0,True,311.0,314.0,308.0,324.0,32.9,47.942862857523835,31.0,2.0714514300953417,0.0,False,False,False,False,True,7.0,#888888,4560.727,1
ALB,Williams,16.0,1.0,86.454,27.943,29.673,28.838,MEDIUM,16.0,True,308.0,308.0,308.0,326.0,32.8,47.898773435547035,30.98773435547038,1.998773435547038,0.0,False,False,False,False,True,5.0,#888888,4647.19,1
ALB,Williams,17.0,1.0,91.436,28.179,29.786,33.471,MEDIUM,17.0,True,322.0,320.0,0.0,322.0,32.8452977638551,47.664106708434694,30.452977638551012,1.6735111807244947,0.0,True,False,False,False,False,7.0,#888888,4733.644,1
ALB,Williams,18.0,2.0,106.033,48.251,29.26,28.522,HARD,1.0,True,313.0,312.0,310.0,283.0,32.9,47.20707728703997,31.0,1.692922712960031,0.0,False,True,False,False,False,13.0,#888888,4825.08,1
ALB,Williams,19.0,2.0,85.254,27.568,29.119,28.567,HARD,2.0,True,311.0,313.0,309.0,322.0,32.8,46.851294188236466,31.0,1.1512941882364707,0.0,False,False,False,False,True,13.0,#888888,4931.113,1
ALB,Williams,20.0,2.0,85.074,27.5,29.177,28.397,HARD,3.0,True,313.0,316.0,310.0,326.0,32.8,46.5835672777528,31.0,1.698596333483196,0.0,False,False,False,False,True,12.0,#888888,5016.367,1
ALB,Williams,21.0,2.0,84.86,27.522,29.035,28.303,HARD,4.0,True,311.0,313.0,311.0,329.0,32.8,46.38359693026359,31.58201534868201,1.9671938605271957,0.0,False,False,False,False,True,12.0,#888888,5101.441,1
ALB,Williams,22.0,2.0,85.053,27.58,29.14,28.333,HARD,5.0,True,315.0,317.0,312.0,329.0,32.70033828259095,46.20033828259095,31.00338282590944,1.8,0.0,False,False,False,False,True,12.0,#888888,5186.301,1
ALB,Williams,23.0,2.0,85.132,27.558,29.162,28.412,HARD,6.0,True,313.0,314.0,311.0,326.0,32.658607643460726,46.01721528692145,31.0,1.3758229303821725,0.0,False,False,False,False,True,12.0,#888888,5271.354,1
ALB,Williams,24.0,2.0,85.196,27.686,28.859,28.651,HARD,7.0,True,314.0,327.0,314.0,326.0,32.6,45.733428895259685,31.0,1.5331422094806306,0.0,False,False,False,False,True,12.0,#888888,5356.486,1
ALB,Williams,25.0,2.0,84.707,27.264,29.156,28.287,HARD,8.0,True,311.0,315.0,311.0,348.0,32.6,45.8,31.74759595353566,1.7747595953535664,0.0,False,False,False,False,True,11.0,#888888,5441.682,1
ALB,Williams,26.0,2.0,85.065,27.546,29.142,28.377,HARD,9.0,True,314.0,317.0,311.0,327.0,32.66642385651421,45.600728430457394,31.0,2.03211928257101,0.0,False,False,False,False,True,11.0,#888888,5526.389,1
ALB,Williams,27.0,2.0,84.949,27.505,28.968,28.476,HARD,10.0,True,312.0,317.0,311.0,330.0,32.591796803386615,45.48359360677322,31.0,2.167187213546444,0.0,False,False,False,False,True,11.0,#888888,5611.454,1
ALB,Williams,28.0,2.0,84.793,27.521,28.972,28.3,HARD,11.0,True,314.0,316.0,312.0,330.0,32.5,45.3,31.0,1.6506649335066483,0.0,False,False,False,False,True,11.0,#888888,5696.403,1
ALB,Williams,29.0,2.0,84.871,27.545,29.147,28.179,HARD,12.0,True,314.0,316.0,312.0,330.0,32.5,46.119800346643565,31.9108892740484,2.319800346643561,0.0,False,False,False,False,True,11.0,#888888,5781.196,1
ALB,Williams,30.0,2.0,84.754,27.544,28.966,28.244,HARD,13.0,True,315.0,317.0,313.0,327.0,32.5,46.1,32.0,1.9650789153514117,0.0,False,False,False,False,True,11.0,#888888,5866.067,1
ALB,Williams,31.0,2.0,85.229,27.602,28.955,28.672,HARD,14.0,True,315.0,329.0,310.0,330.0,32.426193929089365,45.952387858178724,32.0,1.5095514327149067,0.0,False,False,False,False,True,10.0,#888888,5950.821,1
ALB,Williams,32.0,2.0,84.412,27.323,28.978,28.111,HARD,15.0,True,312.0,315.0,311.0,343.0,32.5,45.8682954469702,32.0,1.4,0.0,False,False,False,False,True,10.0,#888888,6036.05,1
ALB,Williams,33.0,2.0,86.282,28.247,29.671,28.364,HARD,16.0,True,320.0,330.0,313.0,324.0,32.61306101361599,45.7,32.0,1.3434694931920066,0.0,False,False,False,False,True,11.0,#888888,6120.462,1
ALB,Williams,34.0,2.0,85.57,27.601,29.476,28.493,HARD,17.0,True,317.0,319.0,312.0,337.0,32.7,45.5,31.996699394889074,1.6993398789778145,0.0,False,False,False,False,True,10.0,#888888,6206.744,1
ALB,Williams,35.0,2.0,84.994,27.546,29.139,28.309,HARD,18.0,True,315.0,318.0,311.0,331.0,32.657034283904736,45.45703428390473,31.42965716095269,1.4140685678094618,0.0,False,False,False,False,True,10.0,#888888,6292.314,1
ALB,Williams,36.0,2.0,84.748,27.631,29.016,28.101,HARD,19.0,True,316.0,317.0,312.0,327.0,32.515396407504916,45.4,32.0,1.215396407504915,0.0,False,False,False,False,True,8.0,#888888,6377.308,1
ALB,Williams,37.0,2.0,85.882,28.366,29.494,28.022,HARD,20.0,True,322.0,332.0,313.0,329.0,32.5,45.2,31.741598879850656,1.2033604480597377,0.0,False,False,False,False,True,10.0,#888888,6462.056,1
ALB,Williams,38.0,2.0,85.214,27.548,29.198,28.468,HARD,21.0,True,318.0,333.0,313.0,329.0,32.5,45.06201056789959,31.0,1.4310052839497938,0.0,False,False,False,False,True,10.0,#888888,6547.938,1
ALB,Williams,39.0,2.0,84.971,27.542,29.037,28.392,HARD,22.0,True,316.0,320.0,312.0,336.0,32.5,44.9,31.11002616099845,1.6449869195007742,0.0,False,False,False,False,True,10.0,#888888,6633.152,1
ALB,Williams,40.0,2.0,84.552,27.456,28.868,28.228,HARD,23.0,True,316.0,318.0,312.0,333.0,32.5,44.794787898991586,32.0,1.3578181515126249,0.0,False,False,False,False,True,10.0,#888888,6718.123,1
ALB,Williams,41.0,2.0,84.372,27.453,28.878,28.041,HARD,24.0,True,315.0,318.0,313.0,331.0,32.5,44.7,32.0,1.5935424723296443,0.0,False,False,False,False,True,10.0,#888888,6802.675,1
ALB,Williams,42.0,2.0,84.874,27.618,29.086,28.17,HARD,25.0,True,311.0,316.0,311.0,328.0,32.434143130883946,44.67071565441973,32.0,1.4024293926518365,0.0,False,False,False,False,True,10.0,#888888,6887.047,1
ALB,Williams,43.0,2.0,84.669,27.532,29.062,28.075,HARD,26.0,True,312.0,316.0,312.0,327.0,32.5,44.924387681944744,32.0,1.2219384097237236,0.0,False,False,False,False,True,10.0,#888888,6971.921,1
ALB,Williams,44.0,2.0,84.678,27.53,28.987,28.161,HARD,27.0,True,314.0,317.0,312.0,326.0,32.4,44.84984496899379,32.0,1.5,0.0,False,False,False,False,True,10.0,#888888,7056.59,1
ALB,Williams,45.0,2.0,84.569,27.484,29.006,28.079,HARD,28.0,True,314.0,315.0,313.0,329.0,32.34214560663878,44.6,32.57854393361217,1.5578543933612168,0.0,False,False,False,False,True,10.0,#888888,7141.268,1
ALB,Williams,46.0,2.0,84.554,27.559,28.951,28.044,HARD,29.0,True,313.0,315.0,312.0,325.0,32.3,44.6,32.01198413227547,1.3035952396826413,0.0,False,False,False,False,True,10.0,#888888,7225.837,1
ALB,Williams,47.0,2.0,84.383,27.573,28.781,28.029,HARD,30.0,True,312.0,315.0,313.0,324.0,32.4,44.32053064013466,32.0,1.419204039798009,0.0,False,False,False,False,True,10.0,#888888,7310.391,1
ALB,Williams,48.0,2.0,84.149,27.501,28.775,27.873,HARD,31.0,True,314.0,315.0,313.0,325.0,32.31964607078584,44.2,32.0,1.760707858428315,0.0,False,False,False,False,True,10.0,#888888,7394.774,1
ALB,Williams,49.0,2.0,84.262,27.63,28.688,27.944,HARD,32.0,True,314.0,314.0,313.0,324.0,32.3,44.17939793979398,32.7939793979398,1.203010301030101,0.0,False,False,False,False,True,10.0,#888888,7478.923,1
ALB,Williams,50.0,2.0,83.956,27.419,28.689,27.848,HARD,33.0,True,314.0,315.0,313.0,327.0,32.3,44.1,32.0,1.6,0.0,False,False,False,False,True,10.0,#888888,7563.185,1
ALB,Williams,51.0,2.0,83.921,27.464,28.577,27.88,HARD,34.0,True,316.0,316.0,313.0,323.0,32.2990870014328,44.09817400286562,33.0,1.2018259971343832,0.0,False,False,False,False,True,10.0,#888888,7647.141,1
ALB,Williams,52.0,2.0,83.955,27.519,28.614,27.822,HARD,35.0,True,316.0,317.0,312.0,322.0,32.2,43.85926450494884,32.59264504948845,1.5222064851534645,0.0,False,False,False,False,True,10.0,#888888,7731.062,1
ALB,Williams,53.0,2.0,83.918,27.501,28.675,27.742,HARD,36.0,True,318.0,326.0,310.0,336.0,32.2,43.8,32.0,1.7806211366400635,0.0,False,False,False,False,True,10.0,#888888,7815.017,1
MAG,Haas F1 Team,1.0,1.0,93.931,0.0,32.021,30.142,MEDIUM,1.0,True,338.0,325.0,310.0,273.0,33.8,51.539250716618895,32.59812679154723,2.0794380374641688,0.0,False,False,False,True,False,12.0,#888888,3350.494,1
MAG,Haas F1 Team,2.0,1.0,87.205,28.017,30.016,29.172,MEDIUM,2.0,True,315.0,332.0,311.0,313.0,33.89715042743588,50.522796580512924,31.028495725641154,1.4142478628205772,0.0,False,False,False,False,True,12.0,#888888,3444.683,1
MAG,Haas F1 Team,3.0,1.0,86.584,27.857,29.621,29.106,MEDIUM,3.0,True,314.0,334.0,311.0,332.0,33.757490789671095,50.48501842065781,30.0,1.3801473652624727,0.0,False,False,False,False,True,12.0,#888888,3531.888,1
MAG,Haas F1 Team,4.0,1.0,86.372,27.705,29.742,28.925,MEDIUM,4.0,True,316.0,333.0,310.0,329.0,33.7,50.6,30.86816757765632,1.9527329689374724,0.0,False,False,False,False,True,12.0,#888888,3618.472,1
MAG,Haas F1 Team,5.0,1.0,86.142,27.875,29.741,28.526,MEDIUM,5.0,True,313.0,322.0,311.0,329.0,33.7,50.66922846192301,30.30771538076987,2.1461423096150645,0.0,False,False,False,False,True,12.0,#888888,3704.844,1
MAG,Haas F1 Team,6.0,1.0,85.902,27.751,29.371,28.78,MEDIUM,6.0,True,316.0,331.0,311.0,334.0,33.551357341643474,50.30271468328695,31.0,1.9486426583565248,0.0,False,False,False,False,True,12.0,#888888,3790.986,1
MAG,Haas F1 Team,7.0,1.0,85.825,27.67,29.326,28.829,MEDIUM,7.0,True,317.0,336.0,309.0,340.0,33.48252294571319,49.582522945713194,32.0,1.8378441856978724,0.0,False,False,False,False,True,12.0,#888888,3876.888,1
MAG,Haas F1 Team,8.0,1.0,85.966,27.831,29.342,28.793,MEDIUM,8.0,True,316.0,335.0,310.0,333.0,33.33950448497782,49.5,32.0,0.8419820600886996,0.0,False,False,False,False,True,12.0,#888888,3962.713,1
MAG,Haas F1 Team,9.0,1.0,85.785,27.712,29.421,28.652,MEDIUM,9.0,True,318.0,336.0,310.0,340.0,33.3,48.98864556772161,31.0,1.6810759462026883,0.0,False,False,False,False,True,12.0,#888888,4048.679,1
MAG,Haas F1 Team,10.0,1.0,85.799,27.539,29.45,28.81,MEDIUM,10.0,True,318.0,340.0,312.0,339.0,33.3,48.653248895925344,31.0,1.480506624447961,0.0,False,False,False,False,True,12.0,#888888,4134.464,1
MAG,Haas F1 Team,11.0,1.0,86.04,27.934,29.461,28.645,MEDIUM,11.0,True,323.0,319.0,310.0,357.0,33.21026845973104,48.42053691946208,31.0,1.5308053791931222,0.0,False,False,False,False,True,11.0,#888888,4220.263,1
MAG,Haas F1 Team,12.0,1.0,86.145,27.89,29.423,28.832,MEDIUM,12.0,True,313.0,317.0,307.0,320.0,33.1668855300215,47.6668855300215,31.331144699785025,1.4013131801289858,0.0,False,False,False,False,True,9.0,#888888,4306.303,1
MAG,Haas F1 Team,13.0,1.0,86.286,27.987,29.475,28.824,MEDIUM,13.0,True,310.0,316.0,308.0,319.0,33.02333111148142,47.6,31.23331111481419,1.2300066655557436,0.0,False,False,False,False,True,9.0,#888888,4392.448,1
MAG,Haas F1 Team,14.0,1.0,89.943,27.85,29.265,32.828,MEDIUM,14.0,True,311.0,316.0,0.0,318.0,32.97952431747725,47.60237841261376,31.0,2.3,0.0,True,False,False,False,False,11.0,#888888,4478.734,1
MAG,Haas F1 Team,15.0,2.0,107.023,49.141,29.298,28.584,HARD,1.0,True,316.0,329.0,312.0,271.0,32.9,47.92961197413161,31.0,2.0184478965264385,0.0,False,True,False,False,False,17.0,#888888,4568.677,1
MAG,Haas F1 Team,16.0,2.0,85.644,27.528,29.615,28.501,HARD,2.0,True,317.0,320.0,311.0,329.0,32.8,47.85126072827264,30.51260728272644,1.9512607282726437,0.0,False,False,False,False,True,16.0,#888888,4675.7,1
MAG,Haas F1 Team,17.0,2.0,84.769,27.413,29.013,28.343,HARD,3.0,True,318.0,333.0,313.0,329.0,32.89145366081247,47.52563901756257,30.914536608124774,1.4427316959376135,0.0,False,False,False,False,True,15.0,#888888,4761.344,1
MAG,Haas F1 Team,18.0,2.0,86.533,27.535,30.511,28.487,HARD,4.0,True,319.0,333.0,311.0,342.0,32.86730826917308,47.134616538346165,31.0,1.5692330766923301,0.0,False,False,False,False,True,15.0,#888888,4846.113,1
MAG,Haas F1 Team,19.0,2.0,85.109,27.577,29.035,28.497,HARD,5.0,True,316.0,335.0,313.0,339.0,32.8,46.84618410306838,31.0,1.1461841030683864,0.0,False,False,False,False,True,15.0,#888888,4932.646,1
MAG,Haas F1 Team,20.0,2.0,85.154,27.6,29.118,28.436,HARD,6.0,True,318.0,335.0,313.0,334.0,32.8,46.581256140000335,31.0,1.7124631599980058,0.0,False,False,False,False,True,14.0,#888888,5017.755,1
MAG,Haas F1 Team,21.0,2.0,84.793,27.395,29.013,28.385,HARD,7.0,True,318.0,336.0,313.0,342.0,32.8,46.3786986986987,31.6065065065065,1.9573973973974002,0.0,False,False,False,False,True,14.0,#888888,5102.909,1
MAG,Haas F1 Team,22.0,2.0,85.071,27.494,29.358,28.219,HARD,8.0,True,318.0,332.0,314.0,339.0,32.7,46.19800383237524,31.0,1.794011497125717,0.0,False,False,False,False,True,14.0,#888888,5187.702,1
MAG,Haas F1 Team,23.0,2.0,85.057,27.581,29.225,28.251,HARD,9.0,True,318.0,330.0,312.0,338.0,32.656242604043406,46.0124852080868,31.0,1.3687278121302022,0.0,False,False,False,False,True,13.0,#888888,5272.773,1
MAG,Haas F1 Team,24.0,2.0,85.131,27.619,29.083,28.429,HARD,10.0,True,313.0,319.0,312.0,336.0,32.6,45.728948596573105,31.0,1.5421028068537892,0.0,False,False,False,False,True,13.0,#888888,5357.83,1
MAG,Haas F1 Team,25.0,2.0,85.504,27.792,29.203,28.509,HARD,11.0,True,313.0,330.0,316.0,324.0,32.6,45.8,31.726280352649034,1.7726280352649033,0.0,False,False,False,False,True,13.0,#888888,5442.961,1
MAG,Haas F1 Team,26.0,2.0,85.199,27.63,29.318,28.251,HARD,12.0,True,314.0,319.0,311.0,329.0,32.66988431790906,45.59034704627283,31.0,2.049421589545273,0.0,False,False,False,False,True,12.0,#888888,5528.465,1
MAG,Haas F1 Team,27.0,2.0,84.64,27.537,28.928,28.175,HARD,13.0,True,315.0,320.0,312.0,322.0,32.588113531441145,45.47622706288229,31.0,2.1524541257645735,0.0,False,False,False,False,True,12.0,#888888,5613.664,1
MAG,Haas F1 Team,28.0,2.0,84.415,27.625,28.819,27.971,HARD,14.0,True,316.0,320.0,313.0,324.0,32.5,45.3,31.0,1.6411608839116085,0.0,False,False,False,False,True,12.0,#888888,5698.304,1
MAG,Haas F1 Team,29.0,2.0,84.799,27.746,28.958,28.095,HARD,15.0,True,316.0,319.0,313.0,321.0,32.5,46.14264382374509,31.93627091527232,2.3426438237450893,0.0,False,False,False,False,True,12.0,#888888,5782.719,1
MAG,Haas F1 Team,30.0,2.0,84.573,27.504,28.735,28.334,HARD,16.0,True,316.0,321.0,313.0,324.0,32.5,46.1,32.0,1.9699155014083107,0.0,False,False,False,False,True,12.0,#888888,5867.518,1
MAG,Haas F1 Team,31.0,2.0,84.458,27.512,28.763,28.183,HARD,17.0,True,317.0,326.0,312.0,325.0,32.42407694487506,45.948153889750124,32.0,1.4926155590005101,0.0,False,False,False,False,True,11.0,#888888,5952.091,1
MAG,Haas F1 Team,32.0,2.0,84.408,27.426,28.922,28.06,HARD,18.0,True,318.0,332.0,314.0,335.0,32.5,45.86663222451836,32.0,1.4,0.0,False,False,False,False,True,11.0,#888888,6036.549,1
MAG,Haas F1 Team,33.0,2.0,84.853,27.586,29.068,28.199,HARD,19.0,True,317.0,315.0,311.0,353.0,32.614710931120115,45.7,32.0,1.3426445344399445,0.0,False,False,False,False,True,10.0,#888888,6120.957,1
MAG,Haas F1 Team,34.0,2.0,84.702,27.738,28.876,28.088,HARD,20.0,True,310.0,314.0,312.0,317.0,32.7,45.502453292445125,32.0,1.695093415109749,0.0,False,False,False,False,True,9.0,#888888,6205.81,1
MAG,Haas F1 Team,35.0,2.0,84.17,27.575,28.669,27.926,HARD,21.0,True,312.0,317.0,311.0,320.0,32.66003766729446,45.46003766729446,31.39962332705545,1.42007533458891,0.0,False,False,False,False,True,8.0,#888888,6290.512,1
MAG,Haas F1 Team,36.0,2.0,84.276,27.682,28.666,27.928,HARD,22.0,True,310.0,315.0,310.0,317.0,32.51977205318759,45.4,32.0,1.2197720531875895,0.0,False,False,False,False,True,7.0,#888888,6374.682,1
MAG,Haas F1 Team,37.0,2.0,83.95,27.628,28.563,27.759,HARD,23.0,True,313.0,317.0,311.0,320.0,32.5,45.2,31.793239098546483,1.1827043605814076,0.0,False,False,False,False,True,7.0,#888888,6458.958,1
MAG,Haas F1 Team,38.0,2.0,84.803,27.61,29.034,28.159,HARD,24.0,True,313.0,316.0,311.0,319.0,32.5,45.07877919090561,31.0,1.4393895954528022,0.0,False,False,False,False,True,7.0,#888888,6542.908,1
MAG,Haas F1 Team,39.0,2.0,84.463,27.613,28.833,28.017,HARD,25.0,True,314.0,318.0,311.0,320.0,32.5,44.9,31.01936247146452,1.6903187642677397,0.0,False,False,False,False,True,7.0,#888888,6627.711,1
MAG,Haas F1 Team,40.0,2.0,84.282,27.589,28.725,27.968,HARD,26.0,True,312.0,317.0,312.0,320.0,32.5,44.8146195516293,32.0,1.328070672556047,0.0,False,False,False,False,True,7.0,#888888,6712.174,1
MAG,Haas F1 Team,41.0,2.0,84.625,27.74,28.925,27.96,HARD,27.0,True,311.0,317.0,312.0,319.0,32.5,44.7,32.0,1.583176090145353,0.0,False,False,False,False,True,7.0,#888888,6796.456,1
MAG,Haas F1 Team,42.0,2.0,84.628,27.873,28.838,27.917,HARD,28.0,True,318.0,331.0,312.0,322.0,32.42420228276264,44.621011413813214,32.0,1.3726068482879303,0.0,False,False,False,False,True,8.0,#888888,6881.081,1
MAG,Haas F1 Team,43.0,2.0,84.605,27.598,29.017,27.99,HARD,29.0,True,315.0,319.0,313.0,323.0,32.5,44.9347449855778,32.0,1.2737249278890241,0.0,False,False,False,False,True,8.0,#888888,6965.709,1
MAG,Haas F1 Team,44.0,2.0,85.205,28.15,29.146,27.909,HARD,30.0,True,317.0,331.0,315.0,318.0,32.4,44.88123124624924,32.0,1.5,0.0,False,False,False,False,True,9.0,#888888,7050.314,1
MAG,Haas F1 Team,45.0,2.0,84.272,27.631,28.775,27.866,HARD,31.0,True,316.0,319.0,314.0,322.0,32.35172551698855,44.6,32.48274483011448,1.548274483011448,0.0,False,False,False,False,True,9.0,#888888,7135.519,1
MAG,Haas F1 Team,46.0,2.0,84.124,27.526,28.825,27.773,HARD,32.0,True,316.0,318.0,314.0,323.0,32.3,44.6,32.1127575171678,1.333827255150341,0.0,False,False,False,False,True,9.0,#888888,7219.791,1
MAG,Haas F1 Team,47.0,2.0,83.971,27.54,28.669,27.762,HARD,33.0,True,314.0,318.0,314.0,320.0,32.4,44.342116227521956,32.0,1.3868256587170646,0.0,False,False,False,False,True,9.0,#888888,7303.915,1
MAG,Haas F1 Team,48.0,2.0,83.741,27.532,28.529,27.68,HARD,34.0,True,314.0,318.0,314.0,323.0,32.33112377524495,44.2,32.0,1.737752449510099,0.0,False,False,False,False,True,9.0,#888888,7387.886,1
MAG,Haas F1 Team,49.0,2.0,83.708,27.55,28.553,27.605,HARD,35.0,True,316.0,320.0,314.0,322.0,32.3,44.19155915591559,32.915591559155914,1.142204220422045,0.0,False,False,False,False,True,9.0,#888888,7471.627,1
MAG,Haas F1 Team,50.0,2.0,83.603,27.506,28.558,27.539,HARD,36.0,True,316.0,320.0,313.0,323.0,32.3,44.1,32.0,1.6,0.0,False,False,False,False,True,9.0,#888888,7555.335,1
MAG,Haas F1 Team,51.0,2.0,83.437,27.501,28.449,27.487,HARD,37.0,True,316.0,320.0,315.0,323.0,32.3,44.1,32.872478302153965,1.2510086791384152,0.0,False,False,False,False,True,9.0,#888888,7638.938,1
MAG,Haas F1 Team,52.0,2.0,83.691,27.688,28.525,27.478,HARD,38.0,True,316.0,320.0,314.0,322.0,32.2,43.87373946079248,32.73739460792481,1.4787816176225557,0.0,False,False,False,False,True,9.0,#888888,7722.375,1
MAG,Haas F1 Team,53.0,2.0,83.715,27.488,28.468,27.759,HARD,39.0,True,317.0,328.0,311.0,323.0,32.2,43.8,32.0,1.7657075259501154,0.0,False,False,False,False,True,9.0,#888888,7806.066,1
ALO,Aston Martin,1.0,1.0,92.411,0.0,32.154,29.198,MEDIUM,2.0,False,329.0,315.0,312.0,281.0,33.8,51.539250716618895,32.59812679154723,2.0794380374641688,0.0,False,False,False,True,False,10.0,#888888,3350.494,1
ALO,Aston Martin,2.0,1.0,87.236,28.2,29.932,29.104,MEDIUM,3.0,False,313.0,335.0,310.0,322.0,33.89461747404556,50.54306020763552,31.053825259544404,1.4269126297722008,0.0,False,False,False,False,True,10.0,#888888,3443.163,1
ALO,Aston Martin,3.0,1.0,86.41,27.646,29.926,28.838,MEDIUM,4.0,False,319.0,331.0,310.0,335.0,33.75997299414873,50.480054011702535,30.0,1.3404320936202825,0.0,False,False,False,False,True,10.0,#888888,3530.399,1
ALO,Aston Martin,4.0,1.0,86.411,27.728,29.844,28.839,MEDIUM,5.0,False,316.0,328.0,309.0,332.0,33.7,50.6,30.840454606052532,1.963818157578987,0.0,False,False,False,False,True,10.0,#888888,3616.809,1
ALO,Aston Martin,5.0,1.0,86.218,27.846,29.573,28.799,MEDIUM,6.0,False,314.0,328.0,309.0,318.0,33.7,50.67193467755374,30.280653224462586,2.1596733877687075,0.0,False,False,False,False,True,10.0,#888888,3703.22,1
ALO,Aston Martin,6.0,1.0,85.911,27.675,29.468,28.768,MEDIUM,7.0,False,316.0,329.0,310.0,332.0,33.5565167397137,50.3130334794274,31.0,1.9434832602863004,0.0,False,False,False,False,True,10.0,#888888,3789.438,1
ALO,Aston Martin,7.0,1.0,85.95,27.644,29.453,28.853,MEDIUM,8.0,False,317.0,329.0,309.0,333.0,33.485086535738674,49.585086535738675,32.0,1.8762980360801562,0.0,False,False,False,False,True,10.0,#888888,3875.349,1
ALO,Aston Martin,8.0,1.0,85.693,27.692,29.426,28.575,MEDIUM,9.0,False,317.0,329.0,311.0,330.0,33.34186201607256,49.5,32.0,0.8325519357097593,0.0,False,False,False,False,True,10.0,#888888,3961.299,1
ALO,Aston Martin,9.0,1.0,85.969,27.763,29.441,28.765,MEDIUM,10.0,False,315.0,327.0,309.0,332.0,33.3,48.9970801459927,31.0,1.6951335766544982,0.0,False,False,False,False,True,10.0,#888888,4046.992,1
ALO,Aston Martin,10.0,1.0,85.832,27.776,29.322,28.734,MEDIUM,11.0,False,313.0,329.0,309.0,330.0,33.3,48.655753687192735,31.0,1.4654778768435976,0.0,False,False,False,False,True,10.0,#888888,4132.961,1
ALO,Aston Martin,11.0,1.0,85.758,27.679,29.305,28.774,MEDIUM,12.0,False,316.0,328.0,309.0,334.0,33.21271809228616,48.42543618457231,31.0,1.5381542768584737,0.0,False,False,False,False,True,10.0,#888888,4218.793,1
ALO,Aston Martin,12.0,1.0,89.74,27.725,29.375,32.64,MEDIUM,13.0,False,317.0,317.0,0.0,333.0,33.16980518939457,47.66980518939457,31.3019481060543,1.4188311363674195,0.0,True,False,False,False,False,11.0,#888888,4304.551,1
ALO,Aston Martin,13.0,2.0,105.594,47.982,29.068,28.544,HARD,2.0,False,318.0,307.0,308.0,284.0,33.02025995667389,47.6,31.20259956673887,1.239220129978339,0.0,False,True,False,False,False,15.0,#888888,4394.291,1
ALO,Aston Martin,14.0,2.0,85.832,28.319,29.115,28.398,HARD,3.0,False,313.0,330.0,312.0,314.0,32.94427147571586,47.778642621420715,31.0,2.3,0.0,False,False,False,False,True,16.0,#888888,4499.885,1
ALO,Aston Martin,15.0,2.0,84.67,27.354,29.014,28.302,HARD,4.0,False,318.0,329.0,311.0,336.0,32.9,47.901210080672044,31.0,1.904840322688183,0.0,False,False,False,False,True,15.0,#888888,4585.717,1
ALO,Aston Martin,16.0,2.0,84.614,27.417,28.89,28.307,HARD,5.0,False,317.0,329.0,312.0,332.0,32.8,47.860114990417465,30.601149904174655,1.9601149904174653,0.0,False,False,False,False,True,14.0,#888888,4670.387,1
ALO,Aston Martin,17.0,2.0,84.574,27.359,28.999,28.216,HARD,6.0,False,317.0,330.0,313.0,330.0,32.8808844602926,47.5573466191222,30.808844602925987,1.4955776985370057,0.0,False,False,False,False,True,13.0,#888888,4755.001,1
ALO,Aston Martin,18.0,2.0,84.882,27.422,29.308,28.152,HARD,7.0,False,317.0,319.0,310.0,337.0,32.878203846282034,47.15640769256408,31.0,1.6128153851281561,0.0,False,False,False,False,True,12.0,#888888,4839.575,1
ALO,Aston Martin,19.0,2.0,85.314,27.727,29.237,28.35,HARD,8.0,False,316.0,315.0,312.0,322.0,32.8,46.873481224687076,31.0,1.173481224687078,0.0,False,False,False,False,True,12.0,#888888,4924.457,1
ALO,Aston Martin,20.0,2.0,85.676,27.65,29.606,28.42,HARD,9.0,False,318.0,320.0,310.0,324.0,32.8,46.594550177331534,31.0,1.6326989360107909,0.0,False,False,False,False,True,11.0,#888888,5009.771,1
ALO,Aston Martin,21.0,2.0,85.297,27.651,29.091,28.555,HARD,10.0,False,318.0,330.0,315.0,328.0,32.8,46.403596930263596,31.482015348682015,2.007193860527194,0.0,False,False,False,False,True,11.0,#888888,5095.447,1
ALO,Aston Martin,22.0,2.0,85.451,28.055,29.253,28.143,HARD,11.0,False,316.0,316.0,311.0,333.0,32.70959856021597,46.20959856021597,31.09598560215968,1.8,0.0,False,False,False,False,True,10.0,#888888,5180.744,1
ALO,Aston Martin,23.0,2.0,85.017,27.751,29.089,28.177,HARD,12.0,False,314.0,312.0,310.0,324.0,32.667206120102,46.034412240204006,31.0,1.4016183603060073,0.0,False,False,False,False,True,10.0,#888888,5266.195,1
ALO,Aston Martin,24.0,2.0,84.588,27.58,29.009,27.999,HARD,13.0,False,317.0,315.0,311.0,322.0,32.6,45.75101006733782,31.0,1.4979798653243575,0.0,False,False,False,False,True,10.0,#888888,5351.212,1
ALO,Aston Martin,25.0,2.0,84.504,27.542,28.839,28.123,HARD,14.0,False,317.0,318.0,313.0,330.0,32.6,45.8,31.845624385447394,1.7845624385447396,0.0,False,False,False,False,True,10.0,#888888,5435.8,1
ALO,Aston Martin,26.0,2.0,84.937,27.635,28.905,28.397,HARD,15.0,False,319.0,326.0,315.0,324.0,32.656280837444996,45.63115748766502,31.0,1.9814041872249635,0.0,False,False,False,False,True,10.0,#888888,5520.304,1
ALO,Aston Martin,27.0,2.0,84.891,27.614,29.047,28.23,HARD,16.0,False,312.0,313.0,310.0,347.0,32.60215166666667,45.5,31.0,2.2,0.0,False,False,False,False,True,9.0,#888888,5605.241,1
ALO,Aston Martin,28.0,2.0,84.725,27.7,28.845,28.18,HARD,17.0,False,316.0,314.0,311.0,321.0,32.5,45.3,31.0,1.6820167983201706,0.0,False,False,False,False,True,9.0,#888888,5690.132,1
ALO,Aston Martin,29.0,2.0,85.011,27.785,28.998,28.228,HARD,18.0,False,315.0,313.0,310.0,324.0,32.5,46.02472168522099,31.80524631691221,2.2247216852209895,0.0,False,False,False,False,True,9.0,#888888,5774.857,1
ALO,Aston Martin,30.0,2.0,85.039,27.817,28.996,28.226,HARD,19.0,False,316.0,313.0,310.0,322.0,32.5,46.1,32.0,1.9444159264012288,0.0,False,False,False,False,True,9.0,#888888,5859.868,1
ALO,Aston Martin,31.0,2.0,85.128,27.745,29.032,28.351,HARD,20.0,False,315.0,312.0,309.0,321.0,32.436052074477836,45.97210414895567,32.0,1.5884165958227028,0.0,False,False,False,False,True,9.0,#888888,5944.907,1
ALO,Aston Martin,32.0,2.0,85.099,27.842,29.023,28.234,HARD,21.0,False,316.0,313.0,310.0,322.0,32.5,45.88834411039264,32.0,1.4,0.0,False,False,False,False,True,9.0,#888888,6030.035,1
ALO,Aston Martin,33.0,2.0,85.289,27.861,29.179,28.249,HARD,22.0,False,315.0,312.0,310.0,322.0,32.59530190157159,45.7,32.0,1.3523490492142063,0.0,False,False,False,False,True,9.0,#888888,6115.134,1
ALO,Aston Martin,34.0,2.0,85.083,27.763,29.148,28.172,HARD,23.0,False,315.0,312.0,310.0,319.0,32.7,45.520409659839004,32.0,1.6591806803219913,0.0,False,False,False,False,True,8.0,#888888,6200.423,1
ALO,Aston Martin,35.0,2.0,89.799,27.731,29.264,32.804,HARD,24.0,False,314.0,311.0,0.0,319.0,32.668381139685664,45.46838113968566,31.316188603143395,1.436762279371321,0.0,True,False,False,False,False,9.0,#888888,6285.506,1
ALO,Aston Martin,36.0,3.0,104.152,47.393,28.833,27.926,HARD,3.0,False,316.0,310.0,312.0,285.0,32.518733962075515,45.4,32.0,1.2187339620755149,0.0,False,True,False,False,False,14.0,#888888,6375.305,1
ALO,Aston Martin,37.0,3.0,83.703,27.43,28.449,27.824,HARD,4.0,False,315.0,312.0,311.0,319.0,32.5,45.2,31.451543539138548,1.3193825843445803,0.0,False,False,False,False,True,13.0,#888888,6479.457,1
ALO,Aston Martin,38.0,3.0,83.847,27.472,28.537,27.838,HARD,5.0,False,316.0,314.0,313.0,321.0,32.5,45.01126464754221,31.0,1.4056323237711064,0.0,False,False,False,False,True,13.0,#888888,6563.16,1
ALO,Aston Martin,39.0,3.0,83.77,27.414,28.622,27.734,HARD,6.0,False,317.0,316.0,313.0,324.0,32.5,44.9,31.340892806558575,1.5295535967207132,0.0,False,False,False,False,True,13.0,#888888,6647.007,1
ALO,Aston Martin,40.0,3.0,83.683,27.398,28.521,27.764,HARD,7.0,False,317.0,317.0,314.0,323.0,32.5,44.752604383698646,32.0,1.4210934244520388,0.0,False,False,False,False,True,13.0,#888888,6730.777,1
ALO,Aston Martin,41.0,3.0,83.822,27.354,28.585,27.883,HARD,8.0,False,319.0,318.0,315.0,324.0,32.486816538070556,44.67363307614112,32.0,1.5604496142116748,0.0,False,False,False,False,True,13.0,#888888,6814.46,1
ALO,Aston Martin,42.0,3.0,83.637,27.363,28.5,27.774,HARD,9.0,False,319.0,329.0,316.0,325.0,32.45286345080397,44.76431725401983,32.0,1.458590352411899,0.0,False,False,False,False,True,13.0,#888888,6898.282,1
ALO,Aston Martin,43.0,3.0,83.681,27.266,28.682,27.733,HARD,10.0,False,313.0,315.0,314.0,356.0,32.5,44.907717958550776,32.0,1.1385897927538884,0.0,False,False,False,False,True,12.0,#888888,6981.919,1
ALO,Aston Martin,44.0,3.0,83.529,27.417,28.44,27.672,HARD,11.0,False,319.0,318.0,314.0,323.0,32.4,44.804785957191434,32.0,1.5,0.0,False,False,False,False,True,12.0,#888888,7065.6,1
ALO,Aston Martin,45.0,3.0,83.484,27.352,28.464,27.668,HARD,12.0,False,320.0,319.0,317.0,325.0,32.32904634150405,44.6,32.709536584959416,1.5709536584959418,0.0,False,False,False,False,True,12.0,#888888,7149.129,1
ALO,Aston Martin,46.0,3.0,82.944,27.073,28.365,27.506,HARD,13.0,False,315.0,315.0,313.0,338.0,32.31009617788742,44.579807644225156,32.0,1.3,0.0,False,False,False,False,True,11.0,#888888,7232.613,1
ALO,Aston Martin,47.0,3.0,83.221,27.393,28.327,27.501,HARD,14.0,False,313.0,317.0,314.0,322.0,32.4,44.30331150109161,32.0,1.4450327483625818,0.0,False,False,False,False,True,11.0,#888888,7315.557,1
ALO,Aston Martin,48.0,3.0,83.245,27.312,28.373,27.56,HARD,15.0,False,316.0,316.0,314.0,323.0,32.312974071852295,44.2,32.0,1.7740518562954077,0.0,False,False,False,False,True,11.0,#888888,7398.778,1
ALO,Aston Martin,49.0,3.0,83.525,27.385,28.457,27.683,HARD,16.0,False,318.0,316.0,314.0,323.0,32.3,44.174230756408974,32.74230756408974,1.2288462179551298,0.0,False,False,False,False,True,11.0,#888888,7482.023,1
ALO,Aston Martin,50.0,3.0,83.511,27.427,28.412,27.672,HARD,17.0,False,319.0,318.0,315.0,324.0,32.3,44.1,32.0,1.6,0.0,False,False,False,False,True,11.0,#888888,7565.548,1
ALO,Aston Martin,51.0,3.0,83.468,27.463,28.459,27.546,HARD,18.0,False,313.0,318.0,315.0,324.0,32.29589150644763,44.09178301289527,33.0,1.2082169871047295,0.0,False,False,False,False,True,11.0,#888888,7649.059,1
ALO,Aston Martin,52.0,3.0,83.761,27.419,28.553,27.789,HARD,19.0,False,318.0,318.0,314.0,327.0,32.2,43.856823407871495,32.568234078714966,1.5295297763855111,0.0,False,False,False,False,True,11.0,#888888,7732.527,1
ALO,Aston Martin,53.0,3.0,83.686,27.435,28.394,27.857,HARD,20.0,False,320.0,319.0,314.0,328.0,32.2,43.8,32.0,1.7827387993801953,0.0,False,False,False,False,True,11.0,#888888,7816.288,1
COL,Williams,1.0,1.0,95.885,0.0,32.713,30.295,MEDIUM,1.0,True,327.0,319.0,324.0,263.0,33.8,51.539250716618895,32.59812679154723,2.0794380374641688,0.0,False,False,False,True,False,18.0,#888888,3350.494,1
COL,Williams,2.0,1.0,87.845,28.352,30.598,28.895,MEDIUM,2.0,True,325.0,340.0,312.0,332.0,33.89959329944162,50.49959329944162,30.995932994416197,1.3971530960913392,0.0,False,False,False,False,True,17.0,#888888,3446.637,1
COL,Williams,3.0,1.0,86.578,27.636,30.238,28.704,MEDIUM,3.0,True,320.0,338.0,314.0,334.0,33.75316651941254,50.493666961174924,30.0,1.44933568939937,0.0,False,False,False,False,True,17.0,#888888,3534.482,1
COL,Williams,4.0,1.0,86.25,27.686,29.802,28.762,MEDIUM,4.0,True,316.0,334.0,311.0,344.0,33.7,50.6,30.91129516064525,1.9354819357419002,0.0,False,False,False,False,True,17.0,#888888,3621.06,1
COL,Williams,5.0,1.0,87.151,27.685,30.569,28.897,MEDIUM,5.0,True,320.0,332.0,310.0,344.0,33.7,50.66511914680887,30.348808531911345,2.125595734044327,0.0,False,False,False,False,True,15.0,#888888,3707.31,1
COL,Williams,6.0,1.0,86.057,27.633,29.362,29.062,MEDIUM,6.0,True,315.0,320.0,309.0,342.0,33.53977535954139,50.27955071908278,31.0,1.9602246404586126,0.0,False,False,False,False,True,15.0,#888888,3794.461,1
COL,Williams,7.0,1.0,87.204,28.513,29.885,28.806,MEDIUM,7.0,True,318.0,332.0,311.0,317.0,33.47647627138407,49.576476271384074,32.0,1.7471440707610848,0.0,False,False,False,False,True,16.0,#888888,3880.518,1
COL,Williams,8.0,1.0,86.385,27.774,29.618,28.993,MEDIUM,8.0,True,315.0,320.0,309.0,337.0,33.331153089466135,49.5,32.0,0.8753876421354502,0.0,False,False,False,False,True,16.0,#888888,3967.722,1
COL,Williams,9.0,1.0,86.222,27.779,29.555,28.888,MEDIUM,9.0,True,316.0,321.0,310.0,331.0,33.3,48.96150692465377,31.0,1.635844874422945,0.0,False,False,False,False,True,16.0,#888888,4054.107,1
COL,Williams,10.0,1.0,86.289,27.76,29.706,28.823,MEDIUM,10.0,True,317.0,322.0,311.0,331.0,33.3,48.6434747104408,31.0,1.5391517373552164,0.0,False,False,False,False,True,15.0,#888888,4140.329,1
COL,Williams,11.0,1.0,86.607,27.883,29.614,29.11,MEDIUM,11.0,True,317.0,318.0,309.0,331.0,33.2,48.39774859599713,31.0,1.500321629143267,0.0,False,False,False,False,True,15.0,#888888,4226.618,1
COL,Williams,12.0,1.0,86.5,27.91,29.617,28.973,MEDIUM,12.0,True,316.0,317.0,309.0,325.0,33.15535020914227,47.65535020914227,31.44649790857734,1.332101254853597,0.0,False,False,False,False,True,13.0,#888888,4313.225,1
COL,Williams,13.0,1.0,86.41,27.9,29.546,28.964,MEDIUM,13.0,True,313.0,315.0,309.0,326.0,33.01120479920013,47.6,31.112047992001322,1.2663856023996034,0.0,False,False,False,False,True,12.0,#888888,4399.725,1
COL,Williams,14.0,1.0,86.93,27.986,29.857,29.087,MEDIUM,14.0,True,314.0,314.0,309.0,327.0,32.967188906296876,47.66405546851562,31.0,2.3,0.0,False,False,False,False,True,12.0,#888888,4486.135,1
COL,Williams,15.0,1.0,86.672,27.89,29.739,29.043,MEDIUM,15.0,True,315.0,316.0,309.0,326.0,32.9,47.922298153210214,31.0,1.98919261284086,0.0,False,False,False,False,True,11.0,#888888,4573.065,1
COL,Williams,16.0,1.0,91.193,28.117,29.78,33.296,MEDIUM,16.0,True,318.0,318.0,0.0,320.0,32.8,47.87786351137405,30.778635113740517,1.9778635113740517,0.0,True,False,False,False,False,12.0,#888888,4659.737,1
COL,Williams,17.0,2.0,106.349,48.514,29.392,28.443,HARD,1.0,True,322.0,313.0,312.0,283.0,32.874101043089944,47.57769687073016,30.741010430899465,1.5294947845502684,0.0,False,True,False,False,False,17.0,#888888,4750.93,1
COL,Williams,18.0,2.0,84.485,27.472,28.844,28.169,HARD,2.0,True,315.0,318.0,311.0,328.0,32.848700129987,47.097400259974,31.0,1.494800519948004,0.0,False,False,False,False,True,17.0,#888888,4857.279,1
COL,Williams,19.0,2.0,84.928,27.518,29.134,28.276,HARD,3.0,True,314.0,315.0,311.0,325.0,32.8,46.81579026317105,31.0,1.1157902631710532,0.0,False,False,False,False,True,17.0,#888888,4941.764,1
COL,Williams,20.0,2.0,85.148,27.749,29.188,28.211,HARD,4.0,True,314.0,316.0,311.0,326.0,32.8,46.56637527682035,31.0,1.801748339077878,0.0,False,False,False,False,True,16.0,#888888,5026.692,1
COL,Williams,21.0,2.0,84.784,27.737,28.962,28.085,HARD,5.0,True,312.0,316.0,312.0,325.0,32.8,46.348898898898895,31.755505505505507,1.897797797797797,0.0,False,False,False,False,True,16.0,#888888,5111.84,1
COL,Williams,22.0,2.0,84.852,27.692,29.017,28.143,HARD,6.0,True,315.0,317.0,312.0,325.0,32.7,46.1831375489461,31.0,1.7494126468382913,0.0,False,False,False,False,True,16.0,#888888,5196.624,1
COL,Williams,23.0,2.0,84.649,27.6,28.921,28.128,HARD,7.0,True,315.0,316.0,313.0,325.0,32.641737362289376,45.98347472457874,31.0,1.3252120868681168,0.0,False,False,False,False,True,16.0,#888888,5281.476,1
COL,Williams,24.0,2.0,84.635,27.614,28.932,28.089,HARD,8.0,True,314.0,316.0,312.0,328.0,32.6,45.70129675311688,31.0,1.5974064937662504,0.0,False,False,False,False,True,16.0,#888888,5366.125,1
COL,Williams,25.0,2.0,84.916,27.635,29.099,28.182,HARD,9.0,True,314.0,315.0,312.0,326.0,32.6,45.8,31.596303518157423,1.7596303518157423,0.0,False,False,False,False,True,16.0,#888888,5450.76,1
COL,Williams,26.0,2.0,84.639,27.668,28.821,28.15,HARD,10.0,True,316.0,318.0,313.0,326.0,32.68190425390052,45.554287238298436,31.0,2.109521269502603,0.0,False,False,False,False,True,16.0,#888888,5535.676,1
COL,Williams,27.0,2.0,84.497,27.601,28.848,28.048,HARD,11.0,True,318.0,319.0,314.0,328.0,32.57702871618807,45.45405743237613,31.0,2.1081148647522583,0.0,False,False,False,False,True,16.0,#888888,5620.315,1
COL,Williams,28.0,2.0,85.005,27.778,29.06,28.167,HARD,12.0,True,315.0,318.0,316.0,327.0,32.5,45.3,31.0,1.6086241375862418,0.0,False,False,False,False,True,16.0,#888888,5704.812,1
COL,Williams,29.0,2.0,85.634,27.595,29.349,28.69,HARD,13.0,True,323.0,329.0,316.0,340.0,32.5,46.194543333333336,32.0,2.3727166666666637,0.0,False,False,False,False,True,16.0,#888888,5789.817,1
COL,Williams,30.0,2.0,85.412,27.627,29.374,28.411,HARD,14.0,True,315.0,319.0,314.0,342.0,32.5,46.1,32.0,1.996358394026767,0.0,False,False,False,False,True,15.0,#888888,5875.451,1
COL,Williams,31.0,2.0,85.586,27.848,29.279,28.459,HARD,15.0,True,315.0,328.0,315.0,333.0,32.409454751546065,45.91890950309213,32.0,1.3756380123685163,0.0,False,False,False,False,True,15.0,#888888,5960.863,1
COL,Williams,32.0,2.0,85.433,27.856,29.424,28.153,HARD,16.0,True,311.0,317.0,313.0,356.0,32.5,45.83363442437171,32.0,1.4,0.0,False,False,False,False,True,13.0,#888888,6046.449,1
COL,Williams,33.0,2.0,84.868,27.777,29.002,28.089,HARD,17.0,True,313.0,316.0,313.0,324.0,32.651125777044484,45.7,32.0,1.3244371114777604,0.0,False,False,False,False,True,13.0,#888888,6131.882,1
COL,Williams,34.0,2.0,84.921,27.66,29.203,28.058,HARD,18.0,True,316.0,315.0,312.0,326.0,32.7,45.5,31.82990214872727,1.665980429745454,0.0,False,False,False,False,True,13.0,#888888,6216.75,1
COL,Williams,35.0,2.0,84.798,27.657,29.022,28.119,HARD,19.0,True,316.0,315.0,313.0,325.0,32.641439023983736,45.44143902398373,31.58560976016268,1.3828780479674643,0.0,False,False,False,False,True,13.0,#888888,6301.671,1
COL,Williams,36.0,2.0,84.84,27.749,28.911,28.18,HARD,20.0,True,316.0,316.0,313.0,323.0,32.50013163595161,45.4,32.0,1.2001316359516108,0.0,False,False,False,False,True,12.0,#888888,6386.469,1
COL,Williams,37.0,2.0,85.345,27.708,29.316,28.321,HARD,21.0,True,316.0,315.0,312.0,325.0,32.5,45.2,31.587361648219762,1.2650553407120952,0.0,False,False,False,False,True,12.0,#888888,6471.309,1
COL,Williams,38.0,2.0,85.194,27.77,29.172,28.252,HARD,22.0,True,317.0,316.0,313.0,326.0,32.5,45.03295384461521,31.0,1.4164769223076015,0.0,False,False,False,False,True,12.0,#888888,6556.654,1
COL,Williams,39.0,2.0,85.128,27.686,29.125,28.317,HARD,23.0,True,317.0,316.0,313.0,324.0,32.5,44.9,31.254928098911904,1.5725359505440488,0.0,False,False,False,False,True,12.0,#888888,6641.848,1
COL,Williams,40.0,2.0,85.147,27.866,29.027,28.254,HARD,24.0,True,316.0,315.0,313.0,323.0,32.5,44.76527543961997,32.0,1.4020868405700466,0.0,False,False,False,False,True,12.0,#888888,6726.976,1
COL,Williams,41.0,2.0,84.801,27.723,28.907,28.171,HARD,25.0,True,317.0,316.0,313.0,325.0,32.4907110837069,44.68142216741381,32.0,1.5721332511207045,0.0,False,False,False,False,True,12.0,#888888,6812.123,1
COL,Williams,42.0,2.0,84.62,27.713,28.906,28.001,HARD,26.0,True,316.0,315.0,312.0,324.0,32.45060068316254,44.753003415812714,32.0,1.4518020494876294,0.0,False,False,False,False,True,12.0,#888888,6896.924,1
COL,Williams,43.0,2.0,85.979,28.24,29.502,28.237,HARD,27.0,True,317.0,317.0,313.0,336.0,32.5,44.908343198225985,32.0,1.1417159911299326,0.0,False,False,False,False,True,13.0,#888888,6981.544,1
COL,Williams,44.0,2.0,85.161,27.716,29.211,28.234,HARD,28.0,True,315.0,314.0,314.0,327.0,32.4,44.79516903380676,32.0,1.5,0.0,False,False,False,False,True,13.0,#888888,7067.523,1
COL,Williams,45.0,2.0,84.812,27.681,28.987,28.144,HARD,29.0,True,314.0,316.0,314.0,324.0,32.32312242755495,44.6,32.768775724450514,1.5768775724450517,0.0,False,False,False,False,True,13.0,#888888,7152.684,1
COL,Williams,46.0,2.0,84.939,27.778,29.039,28.122,HARD,30.0,True,312.0,313.0,314.0,340.0,32.318235460803756,44.56352907839248,32.0,1.3,0.0,False,False,False,False,True,13.0,#888888,7237.496,1
COL,Williams,47.0,2.0,84.697,27.747,28.906,28.044,HARD,31.0,True,313.0,315.0,314.0,324.0,32.4,44.28038598070096,32.0,1.4794210289485556,0.0,False,False,False,False,True,13.0,#888888,7322.435,1
COL,Williams,48.0,2.0,84.538,27.746,28.832,27.96,HARD,32.0,True,314.0,315.0,314.0,325.0,32.3,44.2,32.00946682444706,1.7933732228870563,0.0,False,False,False,False,True,13.0,#888888,7407.132,1
COL,Williams,49.0,2.0,84.474,27.716,28.817,27.941,HARD,33.0,True,317.0,317.0,314.0,325.0,32.3,44.15815081508151,32.58150815081508,1.3092459245924601,0.0,False,False,False,False,True,13.0,#888888,7491.67,1
COL,Williams,50.0,2.0,84.3,27.683,28.778,27.839,HARD,34.0,True,316.0,316.0,314.0,325.0,32.3,44.1,32.0,1.6,0.0,False,False,False,False,True,13.0,#888888,7576.144,1
COL,Williams,51.0,2.0,84.186,27.623,28.661,27.902,HARD,35.0,True,316.0,316.0,314.0,324.0,32.27692346139749,44.053846922794975,33.0,1.2461530772050267,0.0,False,False,False,False,True,13.0,#888888,7660.444,1
COL,Williams,52.0,2.0,84.429,27.719,28.664,28.046,HARD,36.0,True,316.0,316.0,313.0,324.0,32.2,43.83665644682907,32.366564468290726,1.5900306595127816,0.0,False,False,False,False,True,13.0,#888888,7744.63,1
COL,Williams,53.0,2.0,83.728,27.47,28.56,27.698,HARD,37.0,True,317.0,329.0,315.0,338.0,32.2,43.79196534199783,32.0,1.7919653419978336,0.0,False,False,False,False,True,13.0,#888888,7829.059,1
RIC,RB,1.0,1.0,93.104,0.0,32.159,29.497,MEDIUM,1.0,True,334.0,327.0,312.0,290.0,33.8,51.539250716618895,32.59812679154723,2.0794380374641688,0.0,False,False,False,True,False,11.0,#888888,3350.494,1
RIC,RB,2.0,1.0,87.177,27.871,30.129,29.177,MEDIUM,2.0,True,316.0,333.0,311.0,313.0,33.89577230082154,50.53382159342765,31.04227699178456,1.421138495892281,0.0,False,False,False,False,True,11.0,#888888,3443.856,1
RIC,RB,3.0,1.0,86.588,27.948,29.629,29.011,MEDIUM,3.0,True,317.0,327.0,312.0,326.0,33.75891609848801,50.48216780302399,30.0,1.357342424191907,0.0,False,False,False,False,True,11.0,#888888,3531.033,1
RIC,RB,4.0,1.0,86.488,27.785,29.623,29.08,MEDIUM,4.0,True,317.0,330.0,310.0,315.0,33.7,50.6,30.85398613518198,1.9584055459272078,0.0,False,False,False,False,True,11.0,#888888,3617.621,1
RIC,RB,5.0,1.0,86.251,27.781,29.441,29.029,MEDIUM,5.0,True,315.0,335.0,310.0,324.0,33.7,50.67045325779037,30.295467422096316,2.1522662889518425,0.0,False,False,False,False,True,11.0,#888888,3704.109,1
RIC,RB,6.0,1.0,85.899,27.725,29.48,28.694,MEDIUM,6.0,True,313.0,325.0,311.0,321.0,33.5534437648941,50.30688752978819,31.0,1.946556235105905,0.0,False,False,False,False,True,11.0,#888888,3790.36,1
RIC,RB,7.0,1.0,85.713,27.574,29.272,28.867,MEDIUM,7.0,True,317.0,337.0,311.0,337.0,33.483570702780135,49.583570702780136,32.0,1.8535605417020677,0.0,False,False,False,False,True,11.0,#888888,3876.259,1
RIC,RB,8.0,1.0,85.993,27.754,29.407,28.832,MEDIUM,8.0,True,315.0,336.0,310.0,331.0,33.340739937977254,49.5,32.0,0.8370402480909672,0.0,False,False,False,False,True,11.0,#888888,3961.972,1
RIC,RB,9.0,1.0,85.815,27.645,29.238,28.932,MEDIUM,9.0,True,314.0,334.0,310.0,329.0,33.3,48.99221538923054,31.0,1.687025648717562,0.0,False,False,False,False,True,11.0,#888888,4047.965,1
RIC,RB,10.0,1.0,86.111,27.654,29.634,28.823,MEDIUM,10.0,True,308.0,334.0,310.0,340.0,33.3,48.65438880093326,31.0,1.473667194400463,0.0,False,False,False,False,True,11.0,#888888,4133.78,1
RIC,RB,11.0,1.0,91.962,28.537,29.822,33.603,MEDIUM,11.0,True,321.0,334.0,0.0,340.0,33.21088836674499,48.42177673348998,31.0,1.5326651002349676,0.0,True,False,False,False,False,14.0,#888888,4219.891,1
RIC,RB,12.0,2.0,112.188,53.859,29.514,28.815,HARD,2.0,False,310.0,316.0,309.0,283.0,33.15763660906228,47.65763660906228,31.42363390937724,1.3458196543736558,0.0,False,True,False,False,False,18.0,#888888,4311.853,1
RIC,RB,13.0,2.0,86.122,27.957,29.332,28.833,HARD,3.0,False,311.0,316.0,309.0,312.0,33.0,47.57068,31.0,1.5932000000000093,0.0,False,False,False,False,True,18.0,#888888,4424.041,1
RIC,RB,14.0,2.0,85.827,27.74,29.295,28.792,HARD,4.0,False,314.0,318.0,309.0,314.0,32.92714090469682,47.86429547651588,31.0,2.3,0.0,False,False,False,False,True,18.0,#888888,4510.163,1
RIC,RB,15.0,2.0,85.572,27.778,29.198,28.596,HARD,5.0,False,313.0,318.0,310.0,313.0,32.88409124993751,47.9,31.0,1.9159087500624878,0.0,False,False,False,False,True,18.0,#888888,4595.99,1
RIC,RB,16.0,2.0,85.398,27.642,29.13,28.626,HARD,6.0,False,314.0,317.0,309.0,316.0,32.8,47.841491542371465,30.41491542371469,1.9414915423714687,0.0,False,False,False,False,True,17.0,#888888,4681.562,1
RIC,RB,17.0,2.0,85.028,27.631,28.931,28.466,HARD,7.0,False,314.0,318.0,310.0,317.0,32.9,47.49756593305899,31.0,1.4024340669410063,0.0,False,False,False,False,True,16.0,#888888,4766.96,1
RIC,RB,18.0,2.0,85.062,27.583,29.066,28.413,HARD,8.0,False,314.0,320.0,310.0,318.0,32.85751758157517,47.11503516315035,31.0,1.530070326300703,0.0,False,False,False,False,True,16.0,#888888,4851.988,1
RIC,RB,19.0,2.0,84.897,27.628,28.841,28.428,HARD,9.0,False,314.0,318.0,310.0,316.0,32.8,46.83150385839764,31.0,1.1315038583976402,0.0,False,False,False,False,True,16.0,#888888,4937.05,1
RIC,RB,20.0,2.0,84.753,27.521,28.905,28.327,HARD,10.0,False,315.0,320.0,310.0,321.0,32.8,46.57427610436752,31.0,1.7543433737948984,0.0,False,False,False,False,True,15.0,#888888,5021.947,1
RIC,RB,21.0,2.0,84.991,27.635,28.913,28.443,HARD,11.0,False,314.0,320.0,310.0,318.0,32.8,46.36604938271605,31.66975308641975,1.9320987654321002,0.0,False,False,False,False,True,15.0,#888888,5106.7,1
RIC,RB,22.0,2.0,85.08,27.587,29.013,28.48,HARD,12.0,False,316.0,320.0,311.0,320.0,32.7,46.19135716070983,31.0,1.7740714821294683,0.0,False,False,False,False,True,15.0,#888888,5191.691,1
RIC,RB,23.0,2.0,84.848,27.556,28.924,28.368,HARD,13.0,False,316.0,319.0,311.0,321.0,32.64957915965267,45.99915831930532,31.0,1.3487374789579847,0.0,False,False,False,False,True,15.0,#888888,5276.771,1
RIC,RB,24.0,2.0,84.931,27.554,28.85,28.527,HARD,14.0,False,315.0,320.0,311.0,317.0,32.6,45.71631775451697,31.0,1.5673644909660616,0.0,False,False,False,False,True,15.0,#888888,5361.619,1
RIC,RB,25.0,2.0,85.047,27.57,29.013,28.464,HARD,15.0,False,315.0,321.0,311.0,320.0,32.6,45.8,31.666466676666165,1.7666466676666166,0.0,False,False,False,False,True,15.0,#888888,5446.55,1
RIC,RB,26.0,2.0,84.906,27.615,28.879,28.412,HARD,16.0,False,315.0,335.0,315.0,320.0,32.67510501400187,45.5746849579944,31.0,2.0755250700093315,0.0,False,False,False,False,True,15.0,#888888,5531.597,1
RIC,RB,27.0,2.0,85.595,27.693,29.487,28.415,HARD,17.0,False,332.0,322.0,314.0,355.0,32.58338194363427,45.46676388726855,31.0,2.1335277745370944,0.0,False,False,False,False,True,14.0,#888888,5616.503,1
RIC,RB,28.0,2.0,85.38,27.54,29.361,28.479,HARD,18.0,False,321.0,333.0,316.0,334.0,32.5,45.3,31.0,1.622192780721928,0.0,False,False,False,False,True,14.0,#888888,5702.098,1
RIC,RB,29.0,2.0,84.835,27.375,29.007,28.453,HARD,19.0,False,314.0,319.0,310.0,346.0,32.5,46.19844166666667,32.0,2.39220833333333,0.0,False,False,False,False,True,13.0,#888888,5787.478,1
RIC,RB,30.0,2.0,84.97,27.629,28.907,28.434,HARD,20.0,False,314.0,318.0,310.0,317.0,32.5,46.1,32.0,1.9858985683571952,0.0,False,False,False,False,True,13.0,#888888,5872.313,1
RIC,RB,31.0,2.0,84.875,27.583,28.877,28.415,HARD,21.0,False,315.0,322.0,309.0,316.0,32.415422313347,45.930844626694004,32.0,1.4233785067760096,0.0,False,False,False,False,True,13.0,#888888,5957.283,1
RIC,RB,32.0,2.0,84.69,27.54,28.781,28.369,HARD,22.0,False,315.0,321.0,309.0,320.0,32.5,45.84793680421305,32.0,1.4,0.0,False,False,False,False,True,12.0,#888888,6042.158,1
RIC,RB,33.0,2.0,84.662,27.589,28.815,28.258,HARD,23.0,False,315.0,319.0,311.0,318.0,32.63434661600253,45.7,32.0,1.3328266919987337,0.0,False,False,False,False,True,12.0,#888888,6126.848,1
RIC,RB,34.0,2.0,84.777,27.638,28.785,28.354,HARD,24.0,False,316.0,320.0,311.0,317.0,32.7,45.5,31.91725149610762,1.683450299221524,0.0,False,False,False,False,True,11.0,#888888,6211.51,1
RIC,RB,35.0,2.0,85.588,28.023,29.174,28.391,HARD,25.0,False,320.0,322.0,310.0,303.0,32.650412506875114,45.45041250687511,31.495874931248864,1.4008250137502274,0.0,False,False,False,False,True,12.0,#888888,6296.287,1
RIC,RB,36.0,2.0,85.081,27.595,29.126,28.36,HARD,26.0,False,317.0,320.0,311.0,320.0,32.507786516479484,45.4,32.0,1.2077865164794876,0.0,False,False,False,False,True,11.0,#888888,6381.875,1
RIC,RB,37.0,2.0,85.095,27.58,29.089,28.426,HARD,27.0,False,318.0,321.0,309.0,319.0,32.5,45.2,31.659921322843047,1.2360314708627815,0.0,False,False,False,False,True,11.0,#888888,6466.956,1
RIC,RB,38.0,2.0,85.288,27.655,29.18,28.453,HARD,28.0,False,316.0,321.0,311.0,318.0,32.5,45.048298968212954,31.0,1.4241494841064781,0.0,False,False,False,False,True,11.0,#888888,6552.051,1
RIC,RB,39.0,2.0,85.033,27.551,29.12,28.362,HARD,29.0,False,317.0,320.0,311.0,319.0,32.5,44.9,31.179794377884793,1.6101028110576043,0.0,False,False,False,False,True,11.0,#888888,6637.339,1
RIC,RB,40.0,2.0,85.025,27.587,29.002,28.436,HARD,30.0,False,315.0,320.0,310.0,323.0,32.5,44.780623385282105,32.0,1.379064922076842,0.0,False,False,False,False,True,11.0,#888888,6722.372,1
RIC,RB,41.0,2.0,84.945,27.613,28.975,28.357,HARD,31.0,False,316.0,320.0,312.0,323.0,32.49858683153632,44.69717366307265,32.0,1.5957604946089625,0.0,False,False,False,False,True,11.0,#888888,6807.397,1
RIC,RB,42.0,2.0,84.954,27.539,29.029,28.386,HARD,32.0,False,316.0,321.0,310.0,322.0,32.44296592518537,44.71482962592685,32.0,1.4288977755561105,0.0,False,False,False,False,True,11.0,#888888,6892.342,1
RIC,RB,43.0,2.0,85.179,27.704,29.078,28.397,HARD,33.0,False,317.0,321.0,311.0,321.0,32.5,44.91542591326675,32.0,1.1771295663337575,0.0,False,False,False,False,True,11.0,#888888,6977.296,1
RIC,RB,44.0,2.0,84.776,27.463,28.976,28.337,HARD,34.0,False,316.0,321.0,311.0,322.0,32.4,44.82041408281656,32.0,1.5,0.0,False,False,False,False,True,11.0,#888888,7062.475,1
RIC,RB,45.0,2.0,85.063,27.577,28.935,28.551,HARD,35.0,False,316.0,320.0,309.0,320.0,32.33217576777591,44.6,32.67824232224092,1.5678242322240923,0.0,False,False,False,False,True,11.0,#888888,7147.251,1
RIC,RB,46.0,2.0,85.685,28.125,29.102,28.458,HARD,36.0,False,319.0,320.0,312.0,302.0,32.30959778640841,44.58080442718317,32.0,1.3,0.0,False,False,False,False,True,12.0,#888888,7232.314,1
RIC,RB,47.0,2.0,84.775,27.512,28.981,28.282,HARD,37.0,False,319.0,325.0,313.0,325.0,32.4,44.29517190807126,32.0,1.4572421378931053,0.0,False,False,False,False,True,12.0,#888888,7317.999,1
RIC,RB,48.0,2.0,84.518,27.591,28.827,28.1,HARD,38.0,False,321.0,323.0,312.0,325.0,32.30631540358595,44.2,32.0,1.7873691928281012,0.0,False,False,False,False,True,12.0,#888888,7402.774,1
RIC,RB,49.0,2.0,84.617,27.568,28.837,28.212,HARD,39.0,False,317.0,319.0,312.0,322.0,32.3,44.16544821148782,32.65448211487815,1.272758942560926,0.0,False,False,False,False,True,12.0,#888888,7487.292,1
RIC,RB,50.0,2.0,84.817,27.638,28.938,28.241,HARD,40.0,False,318.0,320.0,312.0,321.0,32.3,44.1,32.0,1.6,0.0,False,False,False,False,True,12.0,#888888,7571.909,1
RIC,RB,51.0,2.0,84.639,27.634,28.818,28.187,HARD,41.0,False,316.0,319.0,313.0,320.0,32.28311785678584,44.06623571357169,33.0,1.233764286428309,0.0,False,False,False,False,True,12.0,#888888,7656.726,1
RIC,RB,52.0,2.0,84.219,27.477,28.673,28.069,HARD,42.0,False,317.0,320.0,312.0,322.0,32.2,43.842096844069715,32.42096844069717,1.5737094677908483,0.0,False,False,False,False,True,12.0,#888888,7741.365,1
RIC,RB,53.0,2.0,84.347,27.486,28.661,28.2,HARD,43.0,False,316.0,320.0,312.0,321.0,32.2,43.8,32.0,1.7982272280444522,0.0,False,False,False,False,True,12.0,#888888,7825.584,1
OCO,Alpine,1.0,1.0,95.432,0.0,32.145,30.978,HARD,1.0,True,334.0,335.0,315.0,257.0,33.8,51.539250716618895,32.59812679154723,2.0794380374641688,0.0,False,False,False,True,False,15.0,#888888,3350.494,1
OCO,Alpine,2.0,1.0,86.837,27.923,29.711,29.203,HARD,2.0,True,317.0,332.0,312.0,351.0,33.89965171890883,50.50278624872936,31.003482810911695,1.4017414054558468,0.0,False,False,False,False,True,14.0,#888888,3446.184,1
OCO,Alpine,3.0,1.0,86.466,27.636,29.875,28.955,HARD,3.0,True,315.0,332.0,312.0,335.0,33.75560204711021,50.48879590577959,30.0,1.4103672462366905,0.0,False,False,False,False,True,14.0,#888888,3533.021,1
OCO,Alpine,4.0,1.0,86.297,27.645,29.744,28.908,HARD,4.0,True,315.0,331.0,312.0,327.0,33.7,50.6,30.88508198906813,1.9459672043727485,0.0,False,False,False,False,True,14.0,#888888,3619.487,1
OCO,Alpine,5.0,1.0,86.568,27.648,29.977,28.943,HARD,5.0,True,314.0,329.0,311.0,329.0,33.7,50.66766205632395,30.32337943676054,2.13831028161973,0.0,False,False,False,False,True,14.0,#888888,3705.784,1
OCO,Alpine,6.0,1.0,85.684,27.537,29.537,28.61,HARD,6.0,True,315.0,331.0,313.0,334.0,33.54680453947039,50.29360907894079,31.0,1.9531954605296045,0.0,False,False,False,False,True,14.0,#888888,3792.352,1
OCO,Alpine,7.0,1.0,86.006,27.682,29.533,28.791,HARD,7.0,True,315.0,331.0,312.0,344.0,33.48061066413472,49.580610664134724,32.0,1.8091599620208914,0.0,False,False,False,False,True,14.0,#888888,3878.036,1
OCO,Alpine,8.0,1.0,86.053,27.615,29.699,28.739,HARD,8.0,True,317.0,330.0,317.0,333.0,33.33728867251325,49.5,32.0,0.8508453099469792,0.0,False,False,False,False,True,14.0,#888888,3964.042,1
OCO,Alpine,9.0,1.0,85.369,27.493,29.157,28.719,HARD,9.0,True,312.0,329.0,310.0,334.0,33.3,48.98156592170392,31.0,1.6692765361731923,0.0,False,False,False,False,True,13.0,#888888,4050.095,1
OCO,Alpine,10.0,1.0,86.035,27.667,29.597,28.771,HARD,10.0,True,312.0,327.0,311.0,335.0,33.3,48.65158236813599,31.0,1.4905057911840662,0.0,False,False,False,False,True,13.0,#888888,4135.464,1
OCO,Alpine,11.0,1.0,86.349,27.858,29.585,28.906,HARD,11.0,True,313.0,328.0,310.0,324.0,33.2082087686847,48.4164175373694,31.0,1.5246263060540939,0.0,False,False,False,False,True,12.0,#888888,4221.499,1
OCO,Alpine,12.0,1.0,85.954,27.772,29.531,28.651,HARD,12.0,True,312.0,314.0,310.0,330.0,33.164310830403124,47.664310830403124,31.3568916959688,1.3858649824187181,0.0,False,False,False,False,True,10.0,#888888,4307.848,1
OCO,Alpine,13.0,1.0,86.059,27.841,29.602,28.616,HARD,13.0,True,312.0,315.0,311.0,323.0,33.02107482086319,47.6,31.210748208631895,1.2367755374104312,0.0,False,False,False,False,True,10.0,#888888,4393.802,1
OCO,Alpine,14.0,1.0,86.307,27.993,29.539,28.775,HARD,14.0,True,311.0,314.0,309.0,321.0,32.977645921530716,47.611770392346415,31.0,2.3,0.0,False,False,False,False,True,9.0,#888888,4479.861,1
OCO,Alpine,15.0,1.0,86.677,28.07,29.784,28.823,HARD,15.0,True,296.0,323.0,310.0,318.0,32.9,47.93379391959464,31.0,2.035175678378562,0.0,False,False,False,False,True,9.0,#888888,4566.168,1
OCO,Alpine,16.0,1.0,86.694,28.372,29.599,28.723,HARD,16.0,True,313.0,313.0,311.0,319.0,32.8,47.889349220898254,30.893492208982575,1.9893492208982575,0.0,False,False,False,False,True,8.0,#888888,4652.845,1
OCO,Alpine,17.0,1.0,86.002,27.879,29.478,28.645,HARD,17.0,True,311.0,313.0,311.0,321.0,32.85512047188989,47.634638584330325,30.551204718898923,1.6243976405505394,0.0,False,False,False,False,True,8.0,#888888,4739.539,1
OCO,Alpine,18.0,1.0,86.234,27.871,29.579,28.784,HARD,18.0,True,311.0,312.0,310.0,321.0,32.9,47.204773170284724,31.0,1.6952268297152762,0.0,False,False,False,False,True,7.0,#888888,4825.541,1
OCO,Alpine,19.0,1.0,86.174,27.853,29.575,28.746,HARD,19.0,True,311.0,313.0,310.0,319.0,32.8,46.91575526258771,31.0,1.2157552625877122,0.0,False,False,False,False,True,7.0,#888888,4911.775,1
OCO,Alpine,20.0,1.0,87.326,28.562,30.084,28.68,HARD,20.0,True,292.0,326.0,311.0,310.0,32.8,46.628498091571245,31.0,1.5287547710718865,0.0,False,False,False,False,True,8.0,#888888,4997.949,1
OCO,Alpine,21.0,1.0,86.45,27.882,29.769,28.799,HARD,21.0,True,310.0,311.0,310.0,322.0,32.8,46.43753753753754,31.312312312312304,2.0750750750750786,0.0,False,False,False,False,True,8.0,#888888,5085.275,1
OCO,Alpine,22.0,1.0,86.327,27.907,29.593,28.827,HARD,22.0,True,310.0,312.0,310.0,320.0,32.7246279724708,46.2246279724708,31.246279724707954,1.8,0.0,False,False,False,False,True,8.0,#888888,5171.725,1
OCO,Alpine,23.0,1.0,86.201,27.915,29.547,28.739,HARD,23.0,True,311.0,312.0,309.0,319.0,32.68077801296688,46.06155602593377,31.0,1.442334038900651,0.0,False,False,False,False,True,7.0,#888888,5258.052,1
OCO,Alpine,24.0,1.0,86.77,28.016,30.077,28.677,HARD,24.0,True,284.0,314.0,311.0,319.0,32.6,45.77420828055204,31.0,1.451583438895924,0.0,False,False,False,False,True,7.0,#888888,5344.253,1
OCO,Alpine,25.0,1.0,87.519,28.287,29.931,29.301,HARD,25.0,True,313.0,311.0,312.0,305.0,32.6,45.8,31.92523707147976,1.792523707147976,0.0,False,False,False,False,True,9.0,#888888,5431.023,1
OCO,Alpine,26.0,1.0,86.383,27.964,29.697,28.722,HARD,26.0,True,310.0,311.0,310.0,321.0,32.65334377917056,45.63996866248833,31.0,1.966718895852783,0.0,False,False,False,False,True,9.0,#888888,5518.542,1
OCO,Alpine,27.0,1.0,86.725,28.38,29.619,28.726,HARD,27.0,True,314.0,324.0,311.0,319.0,32.60267833333334,45.5,31.0,2.2,0.0,False,False,False,False,True,10.0,#888888,5604.925,1
OCO,Alpine,28.0,1.0,86.013,27.915,29.455,28.643,HARD,28.0,True,311.0,313.0,311.0,320.0,32.5,45.3,31.0,1.674427557244278,0.0,False,False,False,False,True,10.0,#888888,5691.65,1
OCO,Alpine,29.0,1.0,86.099,27.936,29.459,28.704,HARD,29.0,True,309.0,312.0,310.0,319.0,32.5,46.066808879408036,31.85200986600893,2.2668088794080377,0.0,False,False,False,False,True,10.0,#888888,5777.663,1
OCO,Alpine,30.0,1.0,86.025,27.867,29.462,28.696,HARD,30.0,True,310.0,313.0,310.0,319.0,32.5,46.1,32.0,1.9573957100714987,0.0,False,False,False,False,True,10.0,#888888,5863.762,1
OCO,Alpine,31.0,1.0,90.757,27.869,29.413,33.475,HARD,31.0,True,309.0,312.0,0.0,318.0,32.42791752096148,45.95583504192295,32.0,1.5233401676918152,0.0,True,False,False,False,False,12.0,#888888,5949.787,1
OCO,Alpine,32.0,2.0,104.71,47.349,29.092,28.269,MEDIUM,1.0,True,312.0,316.0,312.0,285.0,32.5,45.85331644557029,32.0,1.4,0.0,False,True,False,False,False,16.0,#888888,6040.544,1
OCO,Alpine,33.0,2.0,84.652,27.535,28.96,28.157,MEDIUM,2.0,True,309.0,312.0,312.0,318.0,32.69569688182258,45.7,32.0,1.3021515590887125,0.0,False,False,False,False,True,16.0,#888888,6145.254,1
OCO,Alpine,34.0,2.0,84.965,27.49,29.083,28.392,MEDIUM,3.0,True,309.0,312.0,311.0,319.0,32.7,45.5,31.610595275800566,1.6221190551601132,0.0,False,False,False,False,True,15.0,#888888,6229.906,1
OCO,Alpine,35.0,2.0,85.019,27.652,29.052,28.315,MEDIUM,4.0,True,309.0,312.0,312.0,318.0,32.61943865731096,45.419438657310955,31.805613426890456,1.338877314621909,0.0,False,False,False,False,True,15.0,#888888,6314.871,1
OCO,Alpine,36.0,2.0,84.942,27.68,29.05,28.212,MEDIUM,5.0,True,310.0,313.0,313.0,318.0,32.5,45.35553111355531,32.0,1.1777655567776548,0.0,False,False,False,False,True,15.0,#888888,6399.89,1
OCO,Alpine,37.0,2.0,84.613,27.619,28.939,28.055,MEDIUM,6.0,True,310.0,312.0,312.0,319.0,32.5,45.2,31.361948259767967,1.3552206960928133,0.0,False,False,False,False,True,14.0,#888888,6484.832,1
OCO,Alpine,38.0,2.0,84.845,27.649,29.024,28.172,MEDIUM,7.0,True,310.0,313.0,312.0,318.0,32.5,44.995157473754375,31.0,1.4145275787368767,0.0,False,False,False,False,True,14.0,#888888,6569.445,1
OCO,Alpine,39.0,2.0,85.267,27.695,29.022,28.55,MEDIUM,8.0,True,309.0,313.0,311.0,318.0,32.5,44.9,31.46224984586673,1.4688750770666354,0.0,False,False,False,False,True,14.0,#888888,6654.29,1
OCO,Alpine,40.0,2.0,85.211,27.772,29.136,28.303,MEDIUM,9.0,True,309.0,313.0,312.0,318.0,32.5,44.72333527793983,32.0,1.4649970830902574,0.0,False,False,False,False,True,14.0,#888888,6739.557,1
OCO,Alpine,41.0,2.0,85.06,27.689,29.106,28.265,MEDIUM,10.0,True,309.0,313.0,312.0,319.0,32.46963854217008,44.639277084340165,32.0,1.5089156265102397,0.0,False,False,False,False,True,14.0,#888888,6824.768,1
OCO,Alpine,42.0,2.0,85.119,27.666,29.163,28.29,MEDIUM,11.0,True,309.0,312.0,312.0,318.0,32.47210197450637,44.86050987253187,32.0,1.5163059235191234,0.0,False,False,False,False,True,14.0,#888888,6909.828,1
OCO,Alpine,43.0,2.0,86.111,29.201,28.893,28.017,MEDIUM,12.0,True,313.0,320.0,315.0,279.0,32.48600469898189,44.9,32.0,1.1559812040724533,0.0,False,False,False,False,True,14.0,#888888,6994.947,1
OCO,Alpine,44.0,2.0,84.669,27.569,28.972,28.128,MEDIUM,13.0,True,313.0,315.0,314.0,322.0,32.4,44.72748049609922,32.0,1.5,0.0,False,False,False,False,True,14.0,#888888,7081.058,1
OCO,Alpine,45.0,2.0,84.587,27.573,29.006,28.008,MEDIUM,14.0,True,312.0,314.0,313.0,320.0,32.301388078852206,44.6,32.986119211477885,1.5986119211477887,0.0,False,False,False,False,True,14.0,#888888,7165.727,1
OCO,Alpine,46.0,2.0,84.449,27.583,28.831,28.035,MEDIUM,15.0,True,310.0,314.0,314.0,320.0,32.339601286816794,44.52079742636641,32.0,1.3,0.0,False,False,False,False,True,14.0,#888888,7250.314,1
OCO,Alpine,47.0,2.0,84.506,27.586,28.836,28.084,MEDIUM,16.0,True,310.0,313.0,314.0,320.0,32.4,44.23929470193157,32.0,1.5410579471026458,0.0,False,False,False,False,True,14.0,#888888,7334.763,1
OCO,Alpine,48.0,2.0,84.458,27.685,28.733,28.04,MEDIUM,17.0,True,309.0,312.0,314.0,319.0,32.3,44.2,32.21175352922549,1.6517725295421595,0.0,False,False,False,False,True,14.0,#888888,7419.269,1
OCO,Alpine,49.0,2.0,85.79,27.668,30.068,28.054,MEDIUM,18.0,True,309.0,324.0,314.0,318.0,32.3,44.13805380538054,32.38053805380538,1.4097309730973095,0.0,False,False,False,False,True,14.0,#888888,7503.727,1
OCO,Alpine,50.0,2.0,85.688,27.765,29.646,28.277,MEDIUM,19.0,True,310.0,267.0,315.0,320.0,32.3,44.1,32.04919289010311,1.5803228439587564,0.0,False,False,False,False,True,14.0,#888888,7589.517,1
OCO,Alpine,51.0,2.0,84.59,27.617,28.876,28.097,MEDIUM,20.0,True,315.0,316.0,315.0,322.0,32.25233081203559,44.004661624071176,33.0,1.2953383759288264,0.0,False,False,False,False,True,14.0,#888888,7675.205,1
OCO,Alpine,52.0,2.0,84.343,27.604,28.777,27.962,MEDIUM,21.0,True,311.0,314.0,314.0,321.0,32.2,43.81138734295331,32.11387342953311,1.6658379711400682,0.0,False,False,False,False,True,14.0,#888888,7759.795,1
GAS,Alpine,1.0,1.0,94.873,0.0,32.375,30.504,MEDIUM,1.0,True,328.0,322.0,310.0,257.0,33.8,51.539250716618895,32.59812679154723,2.0794380374641688,0.0,False,False,False,True,False,13.0,#888888,3350.494,1
GAS,Alpine,2.0,1.0,86.606,28.039,29.66,28.907,MEDIUM,2.0,True,315.0,333.0,313.0,326.0,33.8987201919712,50.51023846423037,31.012798080287958,1.4063990401439785,0.0,False,False,False,False,True,13.0,#888888,3445.625,1
GAS,Alpine,3.0,1.0,86.646,27.792,29.847,29.007,MEDIUM,3.0,True,318.0,333.0,311.0,332.0,33.75691899911647,50.48616200176705,30.0,1.3892960141364032,0.0,False,False,False,False,True,13.0,#888888,3532.231,1
GAS,Alpine,4.0,1.0,86.395,27.727,29.808,28.86,MEDIUM,4.0,True,317.0,331.0,311.0,330.0,33.7,50.6,30.874916677776298,1.9500333288894804,0.0,False,False,False,False,True,13.0,#888888,3618.877,1
GAS,Alpine,5.0,1.0,86.361,27.701,29.878,28.782,MEDIUM,5.0,True,317.0,329.0,311.0,334.0,33.7,50.66851524745876,30.31484752541243,2.1425762372937855,0.0,False,False,False,False,True,13.0,#888888,3705.272,1
GAS,Alpine,6.0,1.0,86.042,27.701,29.766,28.575,MEDIUM,6.0,True,315.0,327.0,310.0,330.0,33.54920092655857,50.29840185311714,31.0,1.9507990734414313,0.0,False,False,False,False,True,13.0,#888888,3791.633,1
GAS,Alpine,7.0,1.0,85.82,27.578,29.657,28.585,MEDIUM,7.0,True,314.0,328.0,309.0,348.0,33.48121200006663,49.58121200006663,32.0,1.81818000099945,0.0,False,False,False,False,True,13.0,#888888,3877.675,1
GAS,Alpine,8.0,1.0,86.465,27.82,29.774,28.871,MEDIUM,8.0,True,311.0,326.0,308.0,336.0,33.33820067358031,49.5,32.0,0.8471973056787473,0.0,False,False,False,False,True,13.0,#888888,3963.495,1
GAS,Alpine,9.0,1.0,87.148,28.298,29.849,29.001,MEDIUM,9.0,True,314.0,320.0,307.0,322.0,33.3,48.982240887955605,31.0,1.6704014799260025,0.0,False,False,False,False,True,14.0,#888888,4049.96,1
GAS,Alpine,10.0,1.0,91.535,28.279,30.004,33.252,MEDIUM,10.0,True,312.0,317.0,0.0,327.0,33.3,48.6488425964503,31.0,1.5069444212982257,0.0,True,False,False,False,False,17.0,#888888,4137.108,1
GAS,Alpine,11.0,2.0,105.677,47.786,29.46,28.431,HARD,1.0,True,309.0,312.0,309.0,282.0,33.2,48.37412635192561,31.0,1.5036962354391985,0.0,False,True,False,False,False,18.0,#888888,4228.643,1
GAS,Alpine,12.0,2.0,85.07,27.865,28.972,28.233,HARD,2.0,True,309.0,313.0,310.0,318.0,33.12019597713601,47.62019597713601,31.798040228639984,1.1211758628160098,0.0,False,False,False,False,True,17.0,#888888,4334.32,1
GAS,Alpine,13.0,2.0,84.816,27.711,28.895,28.21,HARD,3.0,True,309.0,313.0,310.0,320.0,33.0,47.57843166666667,31.0,1.5156833333333453,0.0,False,False,False,False,True,17.0,#888888,4419.39,1
GAS,Alpine,14.0,2.0,85.214,27.635,29.154,28.425,HARD,4.0,True,311.0,313.0,309.0,318.0,32.937069568985635,47.81465215507184,31.0,2.3,0.0,False,False,False,False,True,17.0,#888888,4504.206,1
GAS,Alpine,15.0,2.0,85.529,27.826,29.219,28.484,HARD,5.0,True,309.0,312.0,310.0,320.0,32.89503924280548,47.9,31.0,1.904960757194514,0.0,False,False,False,False,True,16.0,#888888,4589.42,1
GAS,Alpine,16.0,2.0,85.537,27.802,29.257,28.478,HARD,6.0,True,308.0,312.0,310.0,319.0,32.8,47.852512290642444,30.525122906424468,1.9525122906424466,0.0,False,False,False,False,True,15.0,#888888,4674.949,1
GAS,Alpine,17.0,2.0,85.165,27.749,29.093,28.323,HARD,7.0,True,308.0,313.0,311.0,318.0,32.890023994401304,47.529928016796084,30.900239944013062,1.4498800279934687,0.0,False,False,False,False,True,14.0,#888888,4760.486,1
GAS,Alpine,18.0,2.0,86.182,27.923,29.637,28.622,HARD,8.0,True,326.0,325.0,312.0,337.0,32.86807819218078,47.13615638436157,31.0,1.57231276872313,0.0,False,False,False,False,True,14.0,#888888,4845.651,1
GAS,Alpine,19.0,2.0,85.403,27.766,29.133,28.504,HARD,9.0,True,310.0,321.0,312.0,329.0,32.8,46.84889414823581,31.0,1.1488941482358062,0.0,False,False,False,False,True,14.0,#888888,4931.833,1
GAS,Alpine,20.0,2.0,85.058,27.64,29.093,28.325,HARD,10.0,True,310.0,322.0,313.0,330.0,32.8,46.58212031903025,31.0,1.7072780858184742,0.0,False,False,False,False,True,13.0,#888888,5017.236,1
GAS,Alpine,21.0,2.0,84.878,27.493,29.076,28.309,HARD,11.0,True,311.0,323.0,313.0,332.0,32.8,46.38075075075075,31.596246246246242,1.961501501501503,0.0,False,False,False,False,True,13.0,#888888,5102.294,1
GAS,Alpine,22.0,2.0,85.105,27.58,29.377,28.148,HARD,12.0,True,312.0,316.0,313.0,338.0,32.7,46.198886944930436,31.0,1.796660834791304,0.0,False,False,False,False,True,13.0,#888888,5187.172,1
GAS,Alpine,23.0,2.0,86.161,27.685,29.232,29.244,HARD,13.0,True,313.0,316.0,312.0,334.0,32.657069284488074,46.01413856897615,31.0,1.371207853464225,0.0,False,False,False,False,True,14.0,#888888,5272.277,1
GAS,Alpine,24.0,2.0,85.882,27.827,29.548,28.507,HARD,14.0,True,313.0,316.0,312.0,332.0,32.6,45.72692179478632,31.0,1.5461564104273617,0.0,False,False,False,False,True,14.0,#888888,5358.438,1
GAS,Alpine,25.0,2.0,85.988,27.829,29.434,28.725,HARD,15.0,True,311.0,317.0,311.0,324.0,32.6,45.8,31.70363148509242,1.770363148509242,0.0,False,False,False,False,True,14.0,#888888,5444.32,1
GAS,Alpine,26.0,2.0,85.742,27.833,29.396,28.513,HARD,16.0,True,310.0,319.0,313.0,324.0,32.672956394185896,45.58113081744233,31.0,2.0647819709294564,0.0,False,False,False,False,True,14.0,#888888,5530.308,1
GAS,Alpine,27.0,2.0,87.191,28.052,30.341,28.798,HARD,17.0,True,328.0,325.0,313.0,334.0,32.58413693105115,45.4682738621023,31.0,2.136547724204597,0.0,False,False,False,False,True,15.0,#888888,5616.05,1
GAS,Alpine,28.0,2.0,85.823,27.745,29.509,28.569,HARD,18.0,True,315.0,318.0,312.0,326.0,32.5,45.3,31.0,1.6164783521647836,0.0,False,False,False,False,True,15.0,#888888,5703.241,1
GAS,Alpine,29.0,2.0,86.079,27.866,29.53,28.683,HARD,19.0,True,315.0,317.0,313.0,324.0,32.5,46.195798333333336,32.0,2.378991666666661,0.0,False,False,False,False,True,15.0,#888888,5789.064,1
GAS,Alpine,30.0,2.0,91.004,28.135,29.807,33.062,HARD,20.0,True,317.0,327.0,0.0,340.0,32.5,46.1,32.0,1.9953317444709264,0.0,True,False,False,False,False,17.0,#888888,5875.143,1
GAS,Alpine,31.0,3.0,105.757,47.316,29.602,28.839,HARD,1.0,True,310.0,300.0,312.0,284.0,32.400646763681216,45.901293527362434,32.0,1.3051741094497498,0.0,False,True,False,False,False,19.0,#888888,5966.147,1
GAS,Alpine,32.0,3.0,84.423,27.539,28.895,27.989,HARD,2.0,True,315.0,317.0,313.0,323.0,32.5,45.74879008066129,32.0,1.4,0.0,False,False,False,False,True,19.0,#888888,6071.904,1
GAS,Alpine,33.0,3.0,84.252,27.442,28.748,28.062,HARD,3.0,True,313.0,316.0,313.0,322.0,32.7,45.66739387676872,32.0,1.3652122464625598,0.0,False,False,False,False,True,18.0,#888888,6156.327,1
GAS,Alpine,34.0,3.0,84.383,27.533,28.801,28.049,HARD,4.0,True,312.0,313.0,313.0,320.0,32.7,45.5,31.43267932454284,1.5865358649085677,0.0,False,False,False,False,True,17.0,#888888,6240.579,1
GAS,Alpine,35.0,3.0,84.822,27.489,28.908,28.425,HARD,5.0,True,311.0,313.0,294.0,319.0,32.60262004366739,45.40262004366739,31.973799563326068,1.3052400873347862,0.0,False,False,False,False,True,17.0,#888888,6324.962,1
GAS,Alpine,36.0,3.0,85.591,28.483,29.115,27.993,HARD,6.0,True,314.0,316.0,315.0,305.0,32.5,45.322554411225546,32.0,1.1612772056127725,0.0,False,False,False,False,True,17.0,#888888,6409.784,1
GAS,Alpine,37.0,3.0,84.386,27.544,28.83,28.012,HARD,7.0,True,315.0,316.0,314.0,322.0,32.5,45.2,31.18620816108815,1.4255167355647405,0.0,False,False,False,False,True,16.0,#888888,6495.375,1
GAS,Alpine,38.0,3.0,85.229,28.025,29.02,28.184,HARD,8.0,True,315.0,326.0,316.0,321.0,32.5,44.97796700549908,31.0,1.4660989835027525,0.0,False,False,False,False,True,17.0,#888888,6579.761,1
GAS,Alpine,39.0,3.0,84.591,27.531,28.909,28.151,HARD,9.0,True,313.0,317.0,315.0,323.0,32.5,44.9,31.640544548681117,1.3797277256594416,0.0,False,False,False,False,True,17.0,#888888,6664.99,1
GAS,Alpine,40.0,3.0,85.104,27.386,29.224,28.494,HARD,10.0,True,318.0,329.0,316.0,326.0,32.5,44.7,32.0,1.5050406720896126,0.0,False,False,False,False,True,17.0,#888888,6749.581,1
GAS,Alpine,41.0,3.0,85.772,27.574,29.339,28.859,HARD,11.0,True,316.0,342.0,318.0,339.0,32.453112136917355,44.60622427383472,32.0,1.4593364107520759,0.0,False,False,False,False,True,17.0,#888888,6834.685,1
GAS,Alpine,42.0,3.0,84.605,27.466,29.033,28.106,HARD,12.0,True,311.0,314.0,313.0,337.0,32.489812546863284,44.94906273431643,32.0,1.569437640589855,0.0,False,False,False,False,True,16.0,#888888,6920.457,1
GAS,Alpine,43.0,3.0,85.142,27.634,28.826,28.682,HARD,13.0,True,311.0,314.0,296.0,321.0,32.46915001749621,44.9,32.0,1.2233999300151643,0.0,False,False,False,False,True,16.0,#888888,7005.062,1
GAS,Alpine,44.0,3.0,86.175,29.052,28.986,28.137,HARD,14.0,True,314.0,332.0,315.0,297.0,32.4,44.681741348269654,32.0,1.5,0.0,False,False,False,False,True,16.0,#888888,7090.204,1
GAS,Alpine,45.0,3.0,85.425,27.465,29.33,28.63,HARD,15.0,True,318.0,278.0,314.0,337.0,32.3,44.6,32.83633908927263,1.5509017267817873,0.0,False,False,False,False,True,16.0,#888888,7176.379,1
GAS,Alpine,46.0,3.0,84.403,27.428,28.993,27.982,HARD,16.0,True,315.0,317.0,315.0,326.0,32.35875352124415,44.48249295751171,32.0,1.3,0.0,False,False,False,False,True,16.0,#888888,7261.804,1
GAS,Alpine,47.0,3.0,83.923,27.416,28.669,27.838,HARD,17.0,True,314.0,316.0,317.0,324.0,32.4,44.20114994250287,32.0,1.5982750862456911,0.0,False,False,False,False,True,16.0,#888888,7346.207,1
GAS,Alpine,48.0,3.0,84.036,27.482,28.672,27.882,HARD,18.0,True,314.0,316.0,316.0,323.0,32.3,44.2,32.39277321288688,1.5250587509791844,0.0,False,False,False,False,True,16.0,#888888,7430.13,1
GAS,Alpine,49.0,3.0,83.852,27.38,28.645,27.827,HARD,19.0,True,313.0,316.0,316.0,322.0,32.3,44.12065373203987,32.2065373203987,1.4967313398006494,0.0,False,False,False,False,True,16.0,#888888,7514.166,1
GAS,Alpine,50.0,3.0,84.077,27.401,28.762,27.914,HARD,20.0,True,314.0,315.0,317.0,323.0,32.3,44.1,32.19080777624148,1.523676889503408,0.0,False,False,False,False,True,16.0,#888888,7598.018,1
GAS,Alpine,51.0,3.0,83.755,27.415,28.564,27.776,HARD,21.0,True,313.0,316.0,316.0,320.0,32.2408516877145,43.98170337542901,33.0,1.318296624570992,0.0,False,False,False,False,True,15.0,#888888,7682.095,1
GAS,Alpine,52.0,3.0,83.973,27.504,28.724,27.745,HARD,22.0,True,313.0,316.0,315.0,323.0,32.2,43.801298030459556,32.01298030459559,1.696105908621324,0.0,False,False,False,False,True,15.0,#888888,7765.85,1
BOT,Kick Sauber,1.0,1.0,96.375,0.0,32.75,30.44,HARD,2.0,False,336.0,312.0,316.0,284.0,33.8,51.539250716618895,32.59812679154723,2.0794380374641688,0.0,False,False,False,True,False,19.0,#888888,3350.494,1
BOT,Kick Sauber,2.0,1.0,88.377,28.513,30.846,29.018,HARD,3.0,False,329.0,337.0,312.0,313.0,33.89877656471373,50.49877656471373,30.987765647137262,1.3914359529960838,0.0,False,False,False,False,True,19.0,#888888,3447.127,1
BOT,Kick Sauber,3.0,1.0,86.918,28.06,30.139,28.719,HARD,4.0,False,312.0,333.0,311.0,325.0,33.75146281694367,50.497074366112656,30.0,1.4765949289012603,0.0,False,False,False,False,True,19.0,#888888,3535.504,1
BOT,Kick Sauber,4.0,1.0,86.324,27.719,29.733,28.872,HARD,5.0,False,314.0,333.0,310.0,334.0,33.7,50.6,30.933992134382084,1.9264031462471656,0.0,False,False,False,False,True,19.0,#888888,3622.422,1
BOT,Kick Sauber,5.0,1.0,88.242,27.926,31.159,29.157,HARD,6.0,False,315.0,343.0,309.0,333.0,33.7,50.662726212297954,30.372737877020498,2.1136310614897513,0.0,False,False,False,False,True,17.0,#888888,3708.746,1
BOT,Kick Sauber,6.0,1.0,86.499,28.073,29.845,28.581,HARD,7.0,False,311.0,317.0,308.0,318.0,33.53135300881564,50.26270601763128,31.0,1.9686469911843614,0.0,False,False,False,False,True,17.0,#888888,3796.988,1
BOT,Kick Sauber,7.0,1.0,86.359,28.19,29.477,28.692,HARD,8.0,False,311.0,318.0,308.0,318.0,33.47153065813802,49.57153065813802,32.0,1.6729598720703633,0.0,False,False,False,False,True,17.0,#888888,3883.487,1
BOT,Kick Sauber,8.0,1.0,86.206,28.05,29.472,28.684,HARD,9.0,False,311.0,316.0,308.0,319.0,33.32761179099003,49.5,32.0,0.8895528360398803,0.0,False,False,False,False,True,17.0,#888888,3969.846,1
BOT,Kick Sauber,9.0,1.0,86.188,27.997,29.535,28.656,HARD,10.0,False,312.0,317.0,309.0,318.0,33.3,48.95178241087945,31.0,1.6196373514657583,0.0,False,False,False,False,True,17.0,#888888,4056.052,1
BOT,Kick Sauber,10.0,1.0,86.118,28.035,29.428,28.655,HARD,11.0,False,311.0,318.0,310.0,320.0,33.3,48.64028997583535,31.0,1.5582601449879143,0.0,False,False,False,False,True,16.0,#888888,4142.24,1
BOT,Kick Sauber,11.0,1.0,86.47,28.107,29.584,28.779,HARD,12.0,False,311.0,316.0,310.0,321.0,33.2,48.37745096405419,31.0,1.503221290849401,0.0,False,False,False,False,True,16.0,#888888,4228.358,1
BOT,Kick Sauber,12.0,1.0,86.207,28.073,29.496,28.638,HARD,13.0,False,312.0,316.0,309.0,320.0,33.15267885413368,47.65267885413368,31.47321145866316,1.3160731248021025,0.0,False,False,False,False,True,14.0,#888888,4314.828,1
BOT,Kick Sauber,13.0,1.0,86.349,28.165,29.538,28.646,HARD,14.0,False,311.0,316.0,311.0,319.0,33.00902182969505,47.6,31.090218296950507,1.2729345109148484,0.0,False,False,False,False,True,13.0,#888888,4401.035,1
BOT,Kick Sauber,14.0,1.0,86.481,28.236,29.624,28.621,HARD,15.0,False,312.0,316.0,311.0,319.0,32.96510717023901,47.674464148804965,31.0,2.3,0.0,False,False,False,False,True,13.0,#888888,4487.384,1
BOT,Kick Sauber,15.0,1.0,86.79,28.065,29.971,28.754,HARD,16.0,False,313.0,315.0,311.0,324.0,32.9,47.920964730982064,31.0,1.9838589239282645,0.0,False,False,False,False,True,12.0,#888888,4573.865,1
BOT,Kick Sauber,16.0,1.0,86.569,28.039,29.727,28.803,HARD,17.0,False,314.0,326.0,310.0,332.0,32.8,47.87633363886343,30.76333638863428,1.976333638863428,0.0,False,False,False,False,True,11.0,#888888,4660.655,1
BOT,Kick Sauber,17.0,1.0,86.396,28.035,29.612,28.749,HARD,18.0,False,308.0,313.0,309.0,327.0,32.86792581730929,47.59622254807211,30.67925817309295,1.5603709134535253,0.0,False,False,False,False,True,11.0,#888888,4747.224,1
BOT,Kick Sauber,18.0,1.0,86.359,28.073,29.598,28.688,HARD,19.0,False,310.0,314.0,309.0,320.0,32.88812785388128,47.17625570776256,31.0,1.6525114155251157,0.0,False,False,False,False,True,10.0,#888888,4833.62,1
BOT,Kick Sauber,19.0,1.0,86.456,28.074,29.546,28.836,HARD,20.0,False,309.0,313.0,308.0,315.0,32.8,46.88840814013567,31.0,1.188408140135669,0.0,False,False,False,False,True,9.0,#888888,4919.979,1
BOT,Kick Sauber,20.0,1.0,86.803,28.154,29.728,28.921,HARD,21.0,False,309.0,313.0,308.0,318.0,32.8,46.600210010500525,31.0,1.5994749737486942,0.0,False,False,False,False,True,9.0,#888888,5006.435,1
BOT,Kick Sauber,21.0,1.0,87.23,28.47,29.93,28.83,HARD,22.0,False,313.0,314.0,309.0,308.0,32.8,46.41096763430097,31.445161828495166,2.021935268601934,0.0,False,False,False,False,True,10.0,#888888,5093.238,1
BOT,Kick Sauber,22.0,1.0,87.404,28.527,30.062,28.815,HARD,23.0,False,320.0,326.0,311.0,320.0,32.71005849122632,46.21005849122632,31.100584912263162,1.8,0.0,False,False,False,False,True,11.0,#888888,5180.468,1
BOT,Kick Sauber,23.0,1.0,86.943,28.218,29.95,28.775,HARD,24.0,False,312.0,313.0,309.0,317.0,32.6644110735179,46.02882214703578,31.0,1.3932332205536753,0.0,False,False,False,False,True,11.0,#888888,5267.872,1
BOT,Kick Sauber,24.0,1.0,86.542,27.948,29.852,28.742,HARD,25.0,False,310.0,314.0,309.0,321.0,32.6,45.738999266617775,31.0,1.5220014667644477,0.0,False,False,False,False,True,11.0,#888888,5354.815,1
BOT,Kick Sauber,25.0,1.0,86.863,28.314,29.834,28.715,HARD,26.0,False,314.0,316.0,310.0,318.0,32.6,45.8,31.753012349382534,1.7753012349382535,0.0,False,False,False,False,True,12.0,#888888,5441.357,1
BOT,Kick Sauber,26.0,1.0,86.885,28.54,29.7,28.645,HARD,27.0,False,314.0,325.0,311.0,318.0,32.66947593012402,45.59157220962795,31.0,2.0473796506200843,0.0,False,False,False,False,True,13.0,#888888,5528.22,1
BOT,Kick Sauber,27.0,1.0,86.309,28.049,29.594,28.666,HARD,28.0,False,311.0,315.0,308.0,320.0,32.58571190480159,45.47142380960317,31.0,2.142847619206351,0.0,False,False,False,False,True,13.0,#888888,5615.105,1
BOT,Kick Sauber,28.0,1.0,85.804,27.947,29.271,28.586,HARD,29.0,False,323.0,314.0,309.0,337.0,32.5,45.3,31.0,1.6256124387561257,0.0,False,False,False,False,True,13.0,#888888,5701.414,1
BOT,Kick Sauber,29.0,1.0,86.827,28.501,29.766,28.56,HARD,30.0,False,313.0,314.0,310.0,316.0,32.5,46.198875,32.0,2.3943749999999984,0.0,False,False,False,False,True,14.0,#888888,5787.218,1
BOT,Kick Sauber,30.0,1.0,86.022,28.03,29.509,28.483,HARD,31.0,False,310.0,312.0,310.0,318.0,32.5,46.1,32.0,1.9916718054699099,0.0,False,False,False,False,True,14.0,#888888,5874.045,1
BOT,Kick Sauber,31.0,1.0,86.004,28.139,29.354,28.511,HARD,32.0,False,310.0,313.0,309.0,318.0,32.410781617242584,45.92156323448517,32.0,1.3862529379406892,0.0,False,False,False,False,True,14.0,#888888,5960.067,1
BOT,Kick Sauber,32.0,1.0,87.859,28.465,30.506,28.888,HARD,33.0,False,326.0,330.0,311.0,335.0,32.5,45.83489434037731,32.0,1.4,0.0,False,False,False,False,True,15.0,#888888,6046.071,1
BOT,Kick Sauber,33.0,1.0,90.924,27.95,29.67,33.304,HARD,34.0,False,310.0,315.0,0.0,322.0,32.65795210239488,45.7,32.0,1.3210239488025597,0.0,True,False,False,False,False,15.0,#888888,6133.93,1
BOT,Kick Sauber,34.0,2.0,105.462,47.693,29.221,28.548,MEDIUM,2.0,False,310.0,312.0,310.0,285.0,32.7,45.5,31.694810715297802,1.6389621430595605,0.0,False,True,False,False,False,18.0,#888888,6224.854,1
BOT,Kick Sauber,35.0,2.0,85.336,27.734,29.222,28.38,MEDIUM,3.0,False,309.0,312.0,310.0,317.0,32.59369813710134,45.4,32.0,1.2936981371013427,0.0,False,False,False,False,True,18.0,#888888,6330.316,1
BOT,Kick Sauber,36.0,2.0,85.114,27.765,29.169,28.18,MEDIUM,4.0,False,309.0,312.0,311.0,318.0,32.5,45.30299636702996,32.0,1.1514981835149816,0.0,False,False,False,False,True,18.0,#888888,6415.652,1
BOT,Kick Sauber,37.0,2.0,85.213,27.78,29.132,28.301,MEDIUM,5.0,False,310.0,313.0,311.0,316.0,32.5,45.2,31.09634617949061,1.4614615282037562,0.0,False,False,False,False,True,18.0,#888888,6500.766,1
BOT,Kick Sauber,38.0,2.0,86.704,27.866,29.222,29.616,MEDIUM,6.0,False,310.0,314.0,313.0,318.0,32.5,44.96760539910015,31.0,1.497183802699552,0.0,False,False,False,False,True,18.0,#888888,6585.979,1
BOT,Kick Sauber,39.0,2.0,85.081,27.615,29.332,28.134,MEDIUM,7.0,False,314.0,316.0,312.0,328.0,32.5,44.9,31.768733441087765,1.3156332794561172,0.0,False,False,False,False,True,18.0,#888888,6672.683,1
BOT,Kick Sauber,40.0,2.0,85.16,27.758,29.092,28.31,MEDIUM,8.0,False,310.0,315.0,313.0,320.0,32.5,44.7,32.0,1.518680824109882,0.0,False,False,False,False,True,18.0,#888888,6757.764,1
BOT,Kick Sauber,41.0,2.0,86.31,28.082,29.887,28.341,MEDIUM,9.0,False,253.0,315.0,312.0,320.0,32.43938207209159,44.57876414418318,32.0,1.418146216274767,0.0,False,False,False,False,True,18.0,#888888,6842.924,1
BOT,Kick Sauber,42.0,2.0,86.036,27.723,29.687,28.626,MEDIUM,10.0,False,310.0,281.0,312.0,320.0,32.5,44.99555996465312,32.0,1.5777998232655812,0.0,False,False,False,False,True,18.0,#888888,6929.234,1
BOT,Kick Sauber,43.0,2.0,84.637,27.523,28.919,28.195,MEDIUM,11.0,False,314.0,317.0,313.0,323.0,32.45214036958659,44.9,32.0,1.2914385216536464,0.0,False,False,False,False,True,18.0,#888888,7015.27,1
BOT,Kick Sauber,44.0,2.0,84.792,27.761,28.885,28.146,MEDIUM,12.0,False,312.0,315.0,313.0,320.0,32.4,44.633216643328666,32.0,1.5,0.0,False,False,False,False,True,18.0,#888888,7099.907,1
BOT,Kick Sauber,45.0,2.0,84.588,27.682,28.921,27.985,MEDIUM,13.0,False,311.0,315.0,314.0,318.0,32.3,44.6,32.69766317754518,1.5092989532635537,0.0,False,False,False,False,True,18.0,#888888,7184.699,1
BOT,Kick Sauber,46.0,2.0,84.358,27.617,28.657,28.084,MEDIUM,14.0,False,310.0,330.0,316.0,319.0,32.371226643108365,44.45754671378327,32.0,1.3,0.0,False,False,False,False,True,18.0,#888888,7269.287,1
BOT,Kick Sauber,47.0,2.0,84.089,27.332,28.775,27.982,MEDIUM,15.0,False,329.0,312.0,313.0,353.0,32.38818069719389,44.2,32.0,1.6236386056122132,0.0,False,False,False,False,True,17.0,#888888,7353.645,1
BOT,Kick Sauber,48.0,2.0,85.126,27.75,28.539,28.837,MEDIUM,16.0,False,307.0,312.0,315.0,315.0,32.3,44.2,32.51950865847765,1.4363439390656492,0.0,False,False,False,False,True,17.0,#888888,7437.734,1
BOT,Kick Sauber,49.0,2.0,83.885,27.443,28.632,27.81,MEDIUM,17.0,False,314.0,316.0,314.0,335.0,32.3,44.10616228289496,32.06162282894957,1.5691885855252181,0.0,False,False,False,False,True,17.0,#888888,7522.86,1
BOT,Kick Sauber,50.0,2.0,84.357,27.651,28.704,28.002,MEDIUM,18.0,False,310.0,313.0,313.0,319.0,32.3,44.1,32.33618750937047,1.4655249962518133,0.0,False,False,False,False,True,17.0,#888888,7606.745,1
BOT,Kick Sauber,51.0,2.0,83.979,27.537,28.569,27.873,MEDIUM,19.0,False,311.0,315.0,314.0,316.0,32.225845523308124,43.95169104661624,33.0,1.3483089533837593,0.0,False,False,False,False,True,16.0,#888888,7691.102,1
BOT,Kick Sauber,52.0,2.0,83.609,27.55,28.419,27.64,MEDIUM,20.0,False,312.0,317.0,314.0,319.0,32.2,43.8,32.0,1.7140822073010216,0.0,False,False,False,False,True,16.0,#888888,7775.081,1
HUL,Haas F1 Team,1.0,1.0,95.519,0.0,32.105,31.886,MEDIUM,1.0,True,324.0,340.0,316.0,272.0,33.8,51.539250716618895,32.59812679154723,2.0794380374641688,0.0,False,False,False,True,False,16.0,#888888,3350.494,1
HUL,Haas F1 Team,2.0,1.0,87.512,28.557,30.071,28.884,MEDIUM,2.0,True,320.0,341.0,316.0,313.0,33.89979669716209,50.50162642270326,31.002033028379074,1.401016514189537,0.0,False,False,False,False,True,16.0,#888888,3446.271,1
HUL,Haas F1 Team,3.0,1.0,86.434,27.75,30.166,28.518,MEDIUM,3.0,True,320.0,338.0,320.0,309.0,33.754331771883905,50.49133645623218,30.0,1.4306916498574676,0.0,False,False,False,False,True,16.0,#888888,3533.783,1
HUL,Haas F1 Team,4.0,1.0,86.541,27.663,30.138,28.74,MEDIUM,4.0,True,335.0,337.0,314.0,355.0,33.7,50.6,30.897247033728842,1.9411011865084635,0.0,False,False,False,False,True,16.0,#888888,3620.217,1
HUL,Haas F1 Team,5.0,1.0,91.729,28.098,30.266,33.365,MEDIUM,5.0,True,315.0,320.0,0.0,340.0,33.7,50.66603899350108,30.339610064989163,2.130194967505418,0.0,True,False,False,False,False,18.0,#888888,3706.758,1
HUL,Haas F1 Team,6.0,2.0,120.178,61.963,29.356,28.859,HARD,1.0,True,313.0,312.0,308.0,284.0,33.52635692502541,50.25271385005083,31.0,1.9736430749745866,0.0,False,True,False,False,False,20.0,#888888,3798.487,1
HUL,Haas F1 Team,7.0,2.0,85.882,27.741,29.461,28.68,HARD,2.0,True,309.0,315.0,309.0,316.0,33.412932886912195,49.512932886912196,32.0,0.7939933036829778,0.0,False,False,False,False,True,20.0,#888888,3918.665,1
HUL,Haas F1 Team,8.0,2.0,85.351,27.613,29.199,28.539,HARD,3.0,True,310.0,315.0,308.0,318.0,33.3,49.34883585273579,31.697671705471578,1.2116298061698965,0.0,False,False,False,False,True,19.0,#888888,4004.547,1
HUL,Haas F1 Team,9.0,2.0,85.191,27.635,29.008,28.548,HARD,4.0,True,310.0,315.0,308.0,319.0,33.3,48.782560871956406,31.0,1.3376014532606693,0.0,False,False,False,False,True,19.0,#888888,4089.898,1
HUL,Haas F1 Team,10.0,2.0,85.194,27.683,29.155,28.356,HARD,5.0,True,310.0,315.0,310.0,319.0,33.28554716792481,48.57109433584962,31.0,1.756641503774435,0.0,False,False,False,False,True,19.0,#888888,4175.089,1
HUL,Haas F1 Team,11.0,2.0,85.322,27.695,29.264,28.363,HARD,6.0,True,310.0,315.0,310.0,318.0,33.2,48.005036079124096,31.0,1.556423417267986,0.0,False,False,False,False,True,19.0,#888888,4260.283,1
HUL,Haas F1 Team,12.0,2.0,85.166,27.705,29.112,28.349,HARD,7.0,True,311.0,316.0,311.0,319.0,33.10138983785225,47.60138983785225,31.98610162147748,1.0083390271135109,0.0,False,False,False,False,True,19.0,#888888,4345.605,1
HUL,Haas F1 Team,13.0,2.0,84.983,27.709,28.99,28.284,HARD,8.0,True,312.0,317.0,310.0,320.0,33.0,47.55946333333333,31.0,1.7053666666666687,0.0,False,False,False,False,True,19.0,#888888,4430.771,1
HUL,Haas F1 Team,14.0,2.0,85.014,27.67,29.059,28.285,HARD,9.0,True,313.0,317.0,311.0,320.0,32.91782226074202,47.910888696289874,31.0,2.3,0.0,False,False,False,False,True,19.0,#888888,4515.754,1
HUL,Haas F1 Team,15.0,2.0,85.862,27.814,29.602,28.446,HARD,10.0,True,312.0,316.0,311.0,319.0,32.876129376281014,47.9,31.0,1.9238706237189847,0.0,False,False,False,False,True,19.0,#888888,4600.768,1
HUL,Haas F1 Team,16.0,2.0,85.017,27.621,29.153,28.243,HARD,11.0,True,317.0,321.0,312.0,324.0,32.8,47.83304557953504,30.33045579535038,1.933045579535038,0.0,False,False,False,False,True,18.0,#888888,4686.63,1
HUL,Haas F1 Team,17.0,2.0,86.119,28.068,29.532,28.519,HARD,12.0,True,312.0,330.0,315.0,340.0,32.9,47.47413991303334,31.0,1.4258600869666624,0.0,False,False,False,False,True,18.0,#888888,4771.647,1
HUL,Haas F1 Team,18.0,2.0,85.465,27.745,29.402,28.318,HARD,13.0,True,316.0,320.0,313.0,336.0,32.847888544478884,47.095777088957774,31.0,1.4915541779155461,0.0,False,False,False,False,True,18.0,#888888,4857.766,1
HUL,Haas F1 Team,19.0,2.0,85.326,27.643,29.281,28.402,HARD,14.0,True,314.0,319.0,312.0,323.0,32.8,46.810900181669695,31.0,1.1109001816696962,0.0,False,False,False,False,True,18.0,#888888,4943.231,1
HUL,Haas F1 Team,20.0,2.0,86.113,28.033,29.416,28.664,HARD,15.0,True,317.0,320.0,313.0,310.0,32.8,46.56326989360108,31.0,1.8203806383935257,0.0,False,False,False,False,True,18.0,#888888,5028.557,1
HUL,Haas F1 Team,21.0,2.0,85.735,27.727,29.626,28.382,HARD,16.0,True,315.0,318.0,312.0,323.0,32.8,46.33945612278946,31.802719386052722,1.8789122455789116,0.0,False,False,False,False,True,18.0,#888888,5114.67,1
HUL,Haas F1 Team,22.0,2.0,85.565,27.699,29.412,28.454,HARD,17.0,True,315.0,318.0,311.0,323.0,32.7,46.17683745730234,31.0,1.7305123719070246,0.0,False,False,False,False,True,18.0,#888888,5200.405,1
HUL,Haas F1 Team,23.0,2.0,85.632,27.753,29.402,28.477,HARD,18.0,True,314.0,318.0,311.0,322.0,32.63424723745396,45.968494474907914,31.0,1.3027417123618719,0.0,False,False,False,False,True,18.0,#888888,5285.97,1
HUL,Haas F1 Team,24.0,2.0,85.608,27.815,29.378,28.415,HARD,19.0,True,313.0,317.0,311.0,322.0,32.6,45.708476750578946,31.084767505789443,1.6169535011578886,0.0,False,False,False,False,True,18.0,#888888,5371.602,1
HUL,Haas F1 Team,25.0,2.0,85.716,27.703,29.635,28.378,HARD,20.0,True,314.0,318.0,311.0,322.0,32.6,45.8,31.48880889288869,1.748880889288869,0.0,False,False,False,False,True,18.0,#888888,5457.21,1
HUL,Haas F1 Team,26.0,2.0,85.506,27.639,29.426,28.441,HARD,21.0,True,314.0,319.0,311.0,323.0,32.69398919855981,45.51803240432057,31.0,2.169945992799042,0.0,False,False,False,False,True,18.0,#888888,5542.926,1
HUL,Haas F1 Team,27.0,2.0,85.674,27.804,29.477,28.393,HARD,22.0,True,312.0,317.0,311.0,321.0,32.563500608323196,45.42700121664639,31.0,2.0540024332927813,0.0,False,False,False,False,True,18.0,#888888,5628.432,1
HUL,Haas F1 Team,28.0,2.0,85.43,27.724,29.358,28.348,HARD,23.0,True,314.0,319.0,311.0,323.0,32.5,45.3,31.0,1.5621587841215885,0.0,False,False,False,False,True,18.0,#888888,5714.106,1
HUL,Haas F1 Team,29.0,2.0,85.57,27.783,29.394,28.393,HARD,24.0,True,314.0,318.0,311.0,323.0,32.5,46.178345,32.0,2.2917249999999965,0.0,False,False,False,False,True,18.0,#888888,5799.536,1
HUL,Haas F1 Team,30.0,2.0,85.628,27.747,29.399,28.482,HARD,25.0,True,312.0,316.0,311.0,320.0,32.5,46.1,32.0,2.02854119098015,0.0,False,False,False,False,True,18.0,#888888,5885.106,1
HUL,Haas F1 Team,31.0,2.0,85.142,27.617,29.306,28.219,HARD,26.0,True,315.0,320.0,311.0,323.0,32.40699798343416,45.9,32.0,1.3069979834341625,0.0,False,False,False,False,True,17.0,#888888,5970.734,1
HUL,Haas F1 Team,32.0,2.0,89.903,27.722,29.548,32.633,HARD,27.0,True,313.0,317.0,0.0,320.0,32.5,45.802213185787615,32.0,1.4,0.0,True,False,False,False,False,17.0,#888888,6055.876,1
HUL,Haas F1 Team,33.0,3.0,116.554,59.655,28.981,27.918,HARD,1.0,True,312.0,316.0,314.0,288.0,32.69744679432696,45.7,32.0,1.3012766028365244,0.0,False,True,False,False,False,19.0,#888888,6145.779,1
HUL,Haas F1 Team,34.0,3.0,83.587,27.184,28.603,27.8,HARD,2.0,True,314.0,317.0,314.0,321.0,32.7,45.5,31.070046175132113,1.5140092350264223,0.0,False,False,False,False,True,19.0,#888888,6262.333,1
HUL,Haas F1 Team,35.0,3.0,83.761,27.358,28.568,27.835,HARD,3.0,True,313.0,316.0,314.0,319.0,32.56769753724131,45.4,32.0,1.2676975372413097,0.0,False,False,False,False,True,19.0,#888888,6345.92,1
HUL,Haas F1 Team,36.0,3.0,83.772,27.531,28.515,27.726,HARD,4.0,True,313.0,317.0,315.0,321.0,32.5,45.25623770956238,32.0,1.1281188547811893,0.0,False,False,False,False,True,19.0,#888888,6429.681,1
HUL,Haas F1 Team,37.0,3.0,87.809,28.75,30.963,28.096,HARD,5.0,True,225.0,319.0,315.0,321.0,32.5,45.1769739802977,31.0,1.4884869901488504,0.0,False,False,False,False,True,19.0,#888888,6513.453,1
HUL,Haas F1 Team,38.0,3.0,83.88,27.224,28.782,27.874,HARD,6.0,True,322.0,326.0,315.0,330.0,32.5,44.94213797700383,31.0,1.573586068988501,0.0,False,False,False,False,True,19.0,#888888,6601.262,1
HUL,Haas F1 Team,39.0,3.0,84.019,27.474,28.71,27.835,HARD,7.0,True,316.0,321.0,315.0,323.0,32.5,44.9,31.97633846000033,1.211830769999834,0.0,False,False,False,False,True,19.0,#888888,6685.142,1
HUL,Haas F1 Team,40.0,3.0,83.621,27.388,28.548,27.685,HARD,8.0,True,316.0,322.0,315.0,325.0,32.5,44.7,32.0,1.5376783571142822,0.0,False,False,False,False,True,19.0,#888888,6769.161,1
HUL,Haas F1 Team,41.0,3.0,83.449,27.305,28.476,27.668,HARD,9.0,True,314.0,319.0,315.0,322.0,32.422953988701316,44.545907977402635,32.0,1.3688619661039523,0.0,False,False,False,False,True,19.0,#888888,6852.782,1
HUL,Haas F1 Team,42.0,3.0,83.624,27.402,28.603,27.619,HARD,10.0,True,314.0,319.0,315.0,321.0,32.5,44.98389382596662,32.0,1.5194691298331038,0.0,False,False,False,False,True,19.0,#888888,6936.231,1
HUL,Haas F1 Team,43.0,3.0,83.591,27.345,28.631,27.615,HARD,11.0,True,314.0,318.0,316.0,322.0,32.44450035825571,44.9,32.0,1.321998566977154,0.0,False,False,False,False,True,19.0,#888888,7019.855,1
HUL,Haas F1 Team,44.0,3.0,83.275,27.215,28.512,27.548,HARD,12.0,True,318.0,322.0,316.0,325.0,32.4,44.61551810362072,32.0,1.5,0.0,False,False,False,False,True,19.0,#888888,7103.446,1
HUL,Haas F1 Team,45.0,3.0,83.807,27.441,28.593,27.773,HARD,13.0,True,317.0,321.0,316.0,324.0,32.3,44.6,32.66396093072873,1.4991882792186175,0.0,False,False,False,False,True,19.0,#888888,7186.721,1
HUL,Haas F1 Team,46.0,3.0,84.107,27.342,29.061,27.704,HARD,14.0,True,319.0,323.0,317.0,326.0,32.37329521777541,44.45340956444918,32.0,1.3,0.0,False,False,False,False,True,19.0,#888888,7270.528,1
HUL,Haas F1 Team,47.0,3.0,86.991,27.137,30.443,29.411,HARD,15.0,True,321.0,213.0,316.0,341.0,32.38653102712791,44.2,32.0,1.6269379457441862,0.0,False,False,False,False,True,19.0,#888888,7354.635,1
HUL,Haas F1 Team,48.0,3.0,85.125,27.355,28.862,28.908,HARD,16.0,True,319.0,334.0,319.0,340.0,32.3,44.2,32.584376406273435,1.3909365156085933,0.0,False,False,False,False,True,19.0,#888888,7441.626,1
HUL,Haas F1 Team,49.0,3.0,83.404,27.026,28.648,27.73,HARD,17.0,True,315.0,319.0,316.0,354.0,32.3,44.1,32.0,1.6,0.0,False,False,False,False,True,18.0,#888888,7526.751,1
HUL,Haas F1 Team,50.0,3.0,84.017,27.374,28.833,27.81,HARD,18.0,True,316.0,319.0,316.0,322.0,32.3,44.1,32.39299338652984,1.4428026453880651,0.0,False,False,False,False,True,18.0,#888888,7610.155,1
HUL,Haas F1 Team,51.0,3.0,84.211,27.537,28.807,27.867,HARD,19.0,True,314.0,319.0,315.0,321.0,32.220730732064915,43.941461464129816,33.0,1.35853853587018,0.0,False,False,False,False,True,17.0,#888888,7694.172,1
HUL,Haas F1 Team,52.0,3.0,83.966,27.415,28.802,27.749,HARD,20.0,True,314.0,319.0,315.0,321.0,32.2,43.8,32.0,1.7195837984638196,0.0,False,False,False,False,True,17.0,#888888,7778.383,1
ZHO,Kick Sauber,1.0,1.0,96.732,0.0,32.786,30.474,MEDIUM,2.0,False,334.0,318.0,317.0,261.0,33.8,51.539250716618895,32.59812679154723,2.0794380374641688,0.0,False,False,False,True,False,20.0,#888888,3350.494,1
ZHO,Kick Sauber,2.0,1.0,88.721,28.437,30.907,29.377,MEDIUM,3.0,False,320.0,339.0,314.0,301.0,33.89818151512626,50.49818151512626,30.981815151262605,1.3872706058838247,0.0,False,False,False,False,True,20.0,#888888,3447.484,1
ZHO,Kick Sauber,3.0,1.0,86.997,27.856,30.169,28.972,MEDIUM,4.0,False,315.0,337.0,314.0,326.0,33.75029423041659,50.49941153916682,30.0,1.4952923133345548,0.0,False,False,False,False,True,20.0,#888888,3536.205,1
ZHO,Kick Sauber,4.0,1.0,86.226,27.734,29.687,28.805,MEDIUM,5.0,False,316.0,335.0,312.0,328.0,33.7,50.6,30.946990401279837,1.9212038394880655,0.0,False,False,False,False,True,20.0,#888888,3623.202,1
ZHO,Kick Sauber,5.0,1.0,89.256,27.948,30.958,30.35,MEDIUM,6.0,False,315.0,334.0,309.0,327.0,33.7,50.66158973504416,30.384102649558404,2.107948675220798,0.0,False,False,False,False,True,20.0,#888888,3709.428,1
ZHO,Kick Sauber,6.0,1.0,85.942,27.648,29.667,28.627,MEDIUM,7.0,False,315.0,321.0,311.0,352.0,33.52570033496092,50.25140066992184,31.0,1.9742996650390796,0.0,False,False,False,False,True,18.0,#888888,3798.684,1
ZHO,Kick Sauber,7.0,1.0,86.381,27.955,29.622,28.804,MEDIUM,8.0,False,315.0,320.0,310.0,317.0,33.46963336831409,49.56963336831409,32.0,1.6445005247114075,0.0,False,False,False,False,True,18.0,#888888,3884.626,1
ZHO,Kick Sauber,8.0,1.0,86.411,27.845,29.699,28.867,MEDIUM,9.0,False,314.0,318.0,310.0,324.0,33.32567608122978,49.5,32.0,0.8972956750808625,0.0,False,False,False,False,True,18.0,#888888,3971.007,1
ZHO,Kick Sauber,9.0,1.0,86.315,27.98,29.607,28.728,MEDIUM,10.0,False,314.0,319.0,311.0,324.0,33.3,48.94495275236238,31.0,1.6082545872706349,0.0,False,False,False,False,True,18.0,#888888,4057.418,1
ZHO,Kick Sauber,10.0,1.0,86.128,27.822,29.566,28.74,MEDIUM,11.0,False,314.0,319.0,312.0,322.0,33.3,48.63780184984585,31.0,1.5731889009249234,0.0,False,False,False,False,True,18.0,#888888,4143.733,1
ZHO,Kick Sauber,11.0,1.0,86.488,28.011,29.651,28.826,MEDIUM,12.0,False,313.0,318.0,311.0,321.0,33.2,48.359918009565554,31.0,1.5057259986334923,0.0,False,False,False,False,True,17.0,#888888,4229.861,1
ZHO,Kick Sauber,12.0,1.0,86.348,27.957,29.526,28.865,MEDIUM,13.0,False,313.0,318.0,310.0,323.0,33.15014414984918,47.65014414984918,31.49855850150816,1.3008648990951044,0.0,False,False,False,False,True,15.0,#888888,4316.349,1
ZHO,Kick Sauber,13.0,1.0,86.802,27.971,29.784,29.047,MEDIUM,14.0,False,312.0,317.0,309.0,322.0,33.00625229128479,47.6,31.06252291284785,1.2812431261456447,0.0,False,False,False,False,True,14.0,#888888,4402.697,1
ZHO,Kick Sauber,14.0,1.0,87.092,28.089,29.923,29.08,MEDIUM,15.0,False,312.0,314.0,309.0,320.0,32.96158205273509,47.69208973632455,31.0,2.3,0.0,False,False,False,False,True,14.0,#888888,4489.499,1
ZHO,Kick Sauber,15.0,1.0,92.048,28.121,30.159,33.768,MEDIUM,16.0,False,311.0,314.0,0.0,321.0,32.9,47.91642109473965,31.0,1.965684378958596,0.0,True,False,False,False,False,13.0,#888888,4576.591,1
ZHO,Kick Sauber,16.0,2.0,109.128,51.275,29.328,28.525,HARD,2.0,False,308.0,312.0,310.0,276.0,32.8,47.863028080993246,30.6302808099325,1.9630280809932499,0.0,False,True,False,False,False,19.0,#888888,4668.639,1
ZHO,Kick Sauber,17.0,2.0,85.092,27.696,29.104,28.292,HARD,3.0,False,310.0,314.0,312.0,315.0,32.9,47.44355163853856,31.0,1.456448361461439,0.0,False,False,False,False,True,19.0,#888888,4777.767,1
ZHO,Kick Sauber,18.0,2.0,85.245,27.567,29.322,28.356,HARD,4.0,False,310.0,314.0,311.0,319.0,32.83940105989401,47.07880211978802,31.0,1.4576042395760418,0.0,False,False,False,False,True,19.0,#888888,4862.859,1
ZHO,Kick Sauber,19.0,2.0,85.777,27.812,29.365,28.6,HARD,5.0,False,309.0,313.0,311.0,317.0,32.8,46.79465639948664,31.0,1.1133590012833983,0.0,False,False,False,False,True,19.0,#888888,4948.104,1
ZHO,Kick Sauber,20.0,2.0,85.588,27.673,29.408,28.507,HARD,6.0,False,310.0,314.0,311.0,319.0,32.8,46.55440498193383,31.0,1.8735701083970269,0.0,False,False,False,False,True,19.0,#888888,5033.881,1
ZHO,Kick Sauber,21.0,2.0,85.743,27.658,29.532,28.553,HARD,7.0,False,311.0,314.0,311.0,316.0,32.8,46.32344344344344,31.882782782782783,1.8468868868868862,0.0,False,False,False,False,True,19.0,#888888,5119.469,1
ZHO,Kick Sauber,22.0,2.0,85.876,27.859,29.584,28.433,HARD,8.0,False,312.0,314.0,311.0,316.0,32.7,46.16882779305174,31.0,1.706483379155209,0.0,False,False,False,False,True,19.0,#888888,5205.212,1
ZHO,Kick Sauber,23.0,2.0,86.061,27.791,29.681,28.589,HARD,9.0,False,311.0,313.0,311.0,319.0,32.62571709528493,45.95143419056984,31.0,1.277151285854766,0.0,False,False,False,False,True,19.0,#888888,5291.088,1
ZHO,Kick Sauber,24.0,2.0,86.041,28.004,29.474,28.563,HARD,10.0,False,310.0,314.0,311.0,317.0,32.6,45.71771820802026,31.17718208020259,1.6354364160405186,0.0,False,False,False,False,True,19.0,#888888,5377.149,1
ZHO,Kick Sauber,25.0,2.0,85.583,27.703,29.387,28.493,HARD,11.0,False,310.0,314.0,311.0,320.0,32.6,45.8,31.38914720930621,1.7389147209306208,0.0,False,False,False,False,True,19.0,#888888,5463.19,1
ZHO,Kick Sauber,26.0,2.0,85.549,27.868,29.236,28.445,HARD,12.0,False,310.0,315.0,311.0,320.0,32.696265000000004,45.5,31.0,2.2,0.0,False,False,False,False,True,19.0,#888888,5548.773,1
ZHO,Kick Sauber,27.0,2.0,85.603,27.803,29.335,28.465,HARD,13.0,False,310.0,314.0,312.0,319.0,32.553684105264914,45.407368210529825,31.0,2.01473642105965,0.0,False,False,False,False,True,19.0,#888888,5634.322,1
ZHO,Kick Sauber,28.0,2.0,85.699,27.843,29.385,28.471,HARD,14.0,False,311.0,315.0,312.0,321.0,32.5,45.3,31.0,1.5330666933306651,0.0,False,False,False,False,True,19.0,#888888,5719.925,1
ZHO,Kick Sauber,29.0,2.0,85.515,27.798,29.355,28.362,HARD,15.0,False,311.0,314.0,311.0,319.0,32.5,46.168198333333336,32.0,2.2409916666666656,0.0,False,False,False,False,True,19.0,#888888,5805.624,1
ZHO,Kick Sauber,30.0,2.0,85.491,27.793,29.374,28.324,HARD,16.0,False,310.0,314.0,312.0,319.0,32.5,46.1,32.0,2.0486508558190706,0.0,False,False,False,False,True,19.0,#888888,5891.139,1
ZHO,Kick Sauber,31.0,2.0,85.478,27.73,29.327,28.421,HARD,17.0,False,311.0,315.0,310.0,319.0,32.41682415879206,45.9,32.0,1.3168241587920608,0.0,False,False,False,False,True,18.0,#888888,5976.63,1
ZHO,Kick Sauber,32.0,2.0,85.356,27.789,29.265,28.302,HARD,18.0,False,313.0,317.0,312.0,319.0,32.5,45.78144123725085,32.0,1.4,0.0,False,False,False,False,True,18.0,#888888,6062.108,1
ZHO,Kick Sauber,33.0,2.0,85.451,27.762,29.332,28.357,HARD,19.0,False,312.0,315.0,312.0,321.0,32.7,45.69693671772137,32.0,1.3061265645572566,0.0,False,False,False,False,True,17.0,#888888,6147.464,1
ZHO,Kick Sauber,34.0,2.0,85.487,27.676,29.261,28.55,HARD,20.0,False,312.0,315.0,311.0,321.0,32.7,45.5,31.560436079947994,1.6120872159895985,0.0,False,False,False,False,True,16.0,#888888,6232.915,1
ZHO,Kick Sauber,35.0,2.0,85.52,27.707,29.299,28.514,HARD,21.0,False,312.0,315.0,311.0,319.0,32.61355355922599,45.41355355922599,31.864464407740137,1.327107118451973,0.0,False,False,False,False,True,16.0,#888888,6318.402,1
ZHO,Kick Sauber,36.0,2.0,86.606,28.604,29.492,28.51,HARD,22.0,False,316.0,317.0,313.0,307.0,32.5,45.342092457420925,32.0,1.1710462287104628,0.0,False,False,False,False,True,16.0,#888888,6403.922,1
ZHO,Kick Sauber,37.0,2.0,85.205,27.585,29.165,28.455,HARD,23.0,False,318.0,320.0,311.0,325.0,32.5,45.2,31.26700226696893,1.3931990932124285,0.0,False,False,False,False,True,15.0,#888888,6490.528,1
ZHO,Kick Sauber,38.0,2.0,86.652,27.851,29.989,28.812,HARD,24.0,False,311.0,296.0,313.0,318.0,32.5,44.984679220129976,31.0,1.4459623396100667,0.0,False,False,False,False,True,15.0,#888888,6575.733,1
ZHO,Kick Sauber,39.0,2.0,85.584,27.686,29.407,28.491,HARD,25.0,False,315.0,318.0,313.0,324.0,32.5,44.9,31.59713728692117,1.401431356539414,0.0,False,False,False,False,True,15.0,#888888,6662.385,1
ZHO,Kick Sauber,40.0,2.0,85.82,27.848,29.35,28.622,HARD,26.0,False,312.0,315.0,313.0,335.0,32.5,44.7,32.0,1.5023536471529542,0.0,False,False,False,False,True,15.0,#888888,6747.969,1
ZHO,Kick Sauber,41.0,2.0,86.437,28.066,29.641,28.73,HARD,27.0,False,312.0,315.0,312.0,320.0,32.4546052960488,44.60921059209759,32.0,1.4638158881463832,0.0,False,False,False,False,True,16.0,#888888,6833.789,1
ZHO,Kick Sauber,42.0,2.0,87.64,28.194,29.965,29.481,HARD,28.0,False,317.0,254.0,314.0,319.0,32.48942764308923,44.94713821544614,32.0,1.568282929267682,0.0,False,False,False,False,True,17.0,#888888,6920.226,1
ZHO,Kick Sauber,43.0,2.0,86.916,28.549,29.732,28.635,HARD,29.0,False,314.0,314.0,312.0,295.0,32.46447769649909,44.9,32.0,1.2420892140036341,0.0,False,False,False,False,True,17.0,#888888,7007.866,1
ZHO,Kick Sauber,44.0,2.0,86.918,28.627,29.773,28.518,HARD,30.0,False,295.0,317.0,313.0,322.0,32.4,44.65884676935387,32.0,1.5,0.0,False,False,False,False,True,17.0,#888888,7094.782,1
ZHO,Kick Sauber,45.0,2.0,85.632,27.696,29.417,28.519,HARD,31.0,False,313.0,316.0,312.0,322.0,32.3,44.6,32.7476498433229,1.5242949529968683,0.0,False,False,False,False,True,17.0,#888888,7181.7,1
ZHO,Kick Sauber,46.0,2.0,85.857,27.802,29.456,28.599,HARD,32.0,False,311.0,314.0,313.0,320.0,32.367967929591785,44.464064140816426,32.0,1.3,0.0,False,False,False,False,True,17.0,#888888,7267.332,1
ZHO,Kick Sauber,47.0,2.0,87.442,27.812,30.016,29.614,HARD,33.0,False,306.0,322.0,316.0,338.0,32.38894054522429,44.2,32.0,1.622118909551425,0.0,False,False,False,False,True,18.0,#888888,7353.189,1
ZHO,Kick Sauber,48.0,2.0,85.84,27.662,29.428,28.75,HARD,34.0,False,314.0,328.0,313.0,331.0,32.3,44.2,32.56779279654661,1.4025450424173722,0.0,False,False,False,False,True,18.0,#888888,7440.631,1
ZHO,Kick Sauber,49.0,2.0,86.298,28.173,29.563,28.562,HARD,35.0,False,313.0,316.0,314.0,318.0,32.3,44.1001433476681,32.00143347668101,1.5992832616594974,0.0,False,False,False,False,True,19.0,#888888,7526.471,1
ZHO,Kick Sauber,50.0,2.0,85.539,27.803,29.412,28.324,HARD,36.0,False,311.0,316.0,313.0,321.0,32.3,44.1,32.43653900614703,1.4253843975411877,0.0,False,False,False,False,True,19.0,#888888,7612.769,1
ZHO,Kick Sauber,51.0,2.0,85.946,27.857,29.469,28.62,HARD,37.0,False,310.0,314.0,313.0,323.0,32.2138399253607,43.927679850721404,33.0,1.3723201492785984,0.0,False,False,False,False,True,18.0,#888888,7698.308,1
ZHO,Kick Sauber,52.0,2.0,87.28,27.669,29.864,29.747,HARD,38.0,False,311.0,304.0,302.0,320.0,32.2,43.8,32.0,1.7293657008613939,0.0,False,False,False,False,True,18.0,#888888,7784.254,1
STR,Aston Martin,1.0,1.0,95.81,0.0,32.459,30.584,HARD,2.0,False,336.0,316.0,314.0,279.0,33.8,51.539250716618895,32.59812679154723,2.0794380374641688,0.0,False,False,False,True,False,17.0,#888888,3350.494,1
STR,Aston Martin,2.0,1.0,88.342,28.654,30.65,29.038,HARD,3.0,False,322.0,340.0,312.0,340.0,33.89971830985915,50.499718309859155,30.997183098591552,1.3980281690140859,0.0,False,False,False,False,True,18.0,#888888,3446.562,1
STR,Aston Martin,3.0,1.0,86.734,27.671,30.279,28.784,HARD,4.0,False,312.0,340.0,313.0,338.0,33.75246303365729,50.495073932685415,30.0,1.4605914614833222,0.0,False,False,False,False,True,18.0,#888888,3534.904,1
STR,Aston Martin,4.0,1.0,86.253,27.514,29.972,28.767,HARD,5.0,False,317.0,335.0,311.0,344.0,33.7,50.6,30.920927209705376,1.9316291161178503,0.0,False,False,False,False,True,18.0,#888888,3621.638,1
STR,Aston Martin,5.0,1.0,87.234,27.636,30.549,29.049,HARD,6.0,False,317.0,334.0,309.0,335.0,33.7,50.66415097483753,30.35849025162473,2.1207548741876354,0.0,False,False,False,False,True,16.0,#888888,3707.891,1
STR,Aston Martin,6.0,1.0,85.558,27.529,29.431,28.598,HARD,7.0,False,317.0,330.0,315.0,340.0,33.53756228440015,50.27512456880031,31.0,1.9624377155998467,0.0,False,False,False,False,True,16.0,#888888,3795.125,1
STR,Aston Martin,7.0,1.0,86.208,28.114,29.553,28.541,HARD,8.0,False,309.0,315.0,308.0,353.0,33.47620142255093,49.57620142255093,32.0,1.7430213382639592,0.0,False,False,False,False,True,15.0,#888888,3880.683,1
STR,Aston Martin,8.0,1.0,85.799,27.799,29.379,28.621,HARD,9.0,False,309.0,316.0,308.0,318.0,33.332538597485744,49.5,32.0,0.8698456100570205,0.0,False,False,False,False,True,15.0,#888888,3966.891,1
STR,Aston Martin,9.0,1.0,86.024,27.777,29.585,28.662,HARD,10.0,False,312.0,317.0,308.0,324.0,33.3,48.96859157042148,31.0,1.6476526173691304,0.0,False,False,False,False,True,15.0,#888888,4052.69,1
STR,Aston Martin,10.0,1.0,86.182,27.822,29.369,28.991,HARD,11.0,False,314.0,330.0,308.0,323.0,33.3,48.6461661528206,31.0,1.5230030830764085,0.0,False,False,False,False,True,14.0,#888888,4138.714,1
STR,Aston Martin,11.0,1.0,85.675,27.691,29.398,28.586,HARD,12.0,False,311.0,315.0,309.0,329.0,33.202547951140666,48.405095902281325,31.0,1.507643853421989,0.0,False,False,False,False,True,13.0,#888888,4224.896,1
STR,Aston Martin,12.0,1.0,85.947,27.829,29.342,28.776,HARD,13.0,False,311.0,313.0,309.0,320.0,33.159773026480245,47.659773026480245,31.40226973519756,1.3586381588814647,0.0,False,False,False,False,True,12.0,#888888,4310.571,1
STR,Aston Martin,13.0,1.0,86.143,27.742,29.697,28.704,HARD,14.0,False,309.0,313.0,309.0,327.0,33.01654890851525,47.6,31.16548908515247,1.2503532744542591,0.0,False,False,False,False,True,11.0,#888888,4396.518,1
STR,Aston Martin,14.0,1.0,85.895,27.738,29.465,28.692,HARD,15.0,False,314.0,315.0,310.0,320.0,32.97297909930331,47.635104503483454,31.0,2.3,0.0,False,False,False,False,True,10.0,#888888,4482.661,1
STR,Aston Martin,15.0,1.0,86.986,28.009,29.927,29.05,HARD,16.0,False,311.0,313.0,309.0,318.0,32.9,47.92981365424362,31.0,2.019254616974469,0.0,False,False,False,False,True,10.0,#888888,4568.556,1
STR,Aston Martin,16.0,1.0,86.593,27.925,29.737,28.931,HARD,17.0,False,311.0,311.0,309.0,320.0,32.8,47.88485459545038,30.84854595450378,1.984854595450378,0.0,False,False,False,False,True,9.0,#888888,4655.542,1
STR,Aston Martin,17.0,1.0,86.584,27.839,29.852,28.893,HARD,18.0,False,311.0,313.0,308.0,322.0,32.85944612923651,47.62166161229046,30.59446129236512,1.60276935381744,0.0,False,False,False,False,True,9.0,#888888,4742.135,1
STR,Aston Martin,18.0,1.0,87.524,27.903,30.488,29.133,HARD,19.0,False,312.0,326.0,308.0,325.0,32.89629537046295,47.19259074092591,31.0,1.6851814818518152,0.0,False,False,False,False,True,9.0,#888888,4828.719,1
STR,Aston Martin,19.0,1.0,91.321,27.867,29.83,33.624,HARD,20.0,False,314.0,315.0,0.0,325.0,32.8,46.90086168102802,31.0,1.2008616810280168,0.0,True,False,False,False,False,10.0,#888888,4916.243,1
STR,Aston Martin,20.0,2.0,105.665,48.081,29.135,28.449,HARD,3.0,False,323.0,314.0,311.0,283.0,32.8,46.598225019564744,31.0,1.610649882611526,0.0,False,True,False,False,False,17.0,#888888,5007.564,1
STR,Aston Martin,21.0,2.0,84.721,27.443,29.024,28.254,HARD,4.0,False,313.0,316.0,311.0,331.0,32.8,46.34426426426426,31.778678678678684,1.8885285285285267,0.0,False,False,False,False,True,17.0,#888888,5113.229,1
STR,Aston Martin,22.0,2.0,84.721,27.515,29.053,28.153,HARD,5.0,False,316.0,317.0,313.0,326.0,32.7,46.18092810130801,31.0,1.7427843039240198,0.0,False,False,False,False,True,17.0,#888888,5197.95,1
STR,Aston Martin,23.0,2.0,84.659,27.408,29.088,28.163,HARD,6.0,False,317.0,317.0,313.0,328.0,32.63974566242771,45.97949132485542,31.0,1.3192369872831204,0.0,False,False,False,False,True,17.0,#888888,5282.671,1
STR,Aston Martin,24.0,2.0,84.768,27.482,29.036,28.25,HARD,7.0,False,316.0,317.0,313.0,327.0,32.6,45.701359478866436,31.013594788664342,1.6027189577328684,0.0,False,False,False,False,True,17.0,#888888,5367.33,1
STR,Aston Martin,25.0,2.0,84.743,27.401,29.097,28.245,HARD,8.0,False,316.0,318.0,313.0,326.0,32.6,45.8,31.57400463310168,1.757400463310168,0.0,False,False,False,False,True,17.0,#888888,5452.098,1
STR,Aston Martin,26.0,2.0,84.491,27.491,28.9,28.1,HARD,9.0,False,316.0,319.0,313.0,324.0,32.6838461794906,45.548461461528206,31.0,2.119230897452996,0.0,False,False,False,False,True,17.0,#888888,5536.841,1
STR,Aston Martin,27.0,2.0,84.437,27.388,28.802,28.247,HARD,10.0,False,319.0,330.0,313.0,330.0,32.57533374443759,45.45066748887518,31.0,2.10133497775037,0.0,False,False,False,False,True,17.0,#888888,5621.332,1
STR,Aston Martin,28.0,2.0,84.618,27.371,28.965,28.282,HARD,11.0,False,319.0,331.0,314.0,345.0,32.5,45.3,31.0,1.6038396160383948,0.0,False,False,False,False,True,17.0,#888888,5705.769,1
STR,Aston Martin,29.0,2.0,85.397,27.362,29.444,28.591,HARD,12.0,False,322.0,335.0,316.0,339.0,32.5,46.19359333333334,32.0,2.3679666666666663,0.0,False,False,False,False,True,17.0,#888888,5790.387,1
STR,Aston Martin,30.0,2.0,86.377,27.631,29.905,28.841,HARD,13.0,False,331.0,336.0,314.0,342.0,32.5,46.1,32.0,1.9974683755270741,0.0,False,False,False,False,True,16.0,#888888,5875.784,1
STR,Aston Martin,31.0,2.0,84.749,27.379,29.025,28.345,HARD,14.0,False,316.0,336.0,314.0,340.0,32.40729109366405,45.9145821873281,32.0,1.3583287493123941,0.0,False,False,False,False,True,16.0,#888888,5962.161,1
STR,Aston Martin,32.0,2.0,85.576,27.675,29.483,28.418,HARD,15.0,False,327.0,331.0,313.0,340.0,32.5,45.83209786014266,32.0,1.4,0.0,False,False,False,False,True,14.0,#888888,6046.91,1
STR,Aston Martin,33.0,2.0,84.947,27.546,29.102,28.299,HARD,16.0,False,315.0,329.0,313.0,332.0,32.653139009716185,45.7,32.0,1.32343049514191,0.0,False,False,False,False,True,14.0,#888888,6132.486,1
STR,Aston Martin,34.0,2.0,84.856,27.349,29.1,28.407,HARD,17.0,False,321.0,332.0,311.0,343.0,32.7,45.5,31.818516728066815,1.6637033456133632,0.0,False,False,False,False,True,14.0,#888888,6217.433,1
STR,Aston Martin,35.0,2.0,84.863,27.402,29.095,28.366,HARD,18.0,False,321.0,331.0,313.0,339.0,32.64040900681678,45.44040900681678,31.595909931832196,1.3808180136335606,0.0,False,False,False,False,True,14.0,#888888,6302.289,1
STR,Aston Martin,36.0,2.0,89.334,27.44,29.135,32.759,HARD,19.0,False,318.0,330.0,0.0,337.0,32.5,45.39798686797987,32.0,1.1989934339899337,0.0,True,False,False,False,False,13.0,#888888,6387.152,1
STR,Aston Martin,37.0,3.0,103.775,46.949,28.823,28.003,MEDIUM,2.0,False,328.0,325.0,315.0,283.0,32.5,45.2,31.501066808907858,1.2995732764368562,0.0,False,True,False,False,False,17.0,#888888,6476.486,1
STR,Aston Martin,38.0,3.0,83.617,26.947,28.796,27.874,MEDIUM,3.0,False,313.0,315.0,313.0,356.0,32.5,44.97713381103149,31.0,1.4685985669055188,0.0,False,False,False,False,True,16.0,#888888,6580.261,1
STR,Aston Martin,39.0,3.0,84.43,27.336,28.607,28.487,MEDIUM,4.0,False,314.0,330.0,315.0,324.0,32.5,44.9,31.62201523003349,1.3889923849832555,0.0,False,False,False,False,True,16.0,#888888,6663.878,1
STR,Aston Martin,40.0,3.0,85.777,28.301,28.853,28.623,MEDIUM,5.0,False,319.0,331.0,316.0,356.0,32.5,44.7,32.0,1.5029187224963332,0.0,False,False,False,False,True,16.0,#888888,6748.308,1
STR,Aston Martin,41.0,3.0,83.702,26.975,28.741,27.986,MEDIUM,6.0,False,311.0,312.0,312.0,355.0,32.454112020264304,44.608224040528604,32.0,1.4623360607929063,0.0,False,False,False,False,True,15.0,#888888,6834.085,1
STR,Aston Martin,42.0,3.0,83.823,27.461,28.549,27.813,MEDIUM,7.0,False,312.0,313.0,313.0,319.0,32.48536365908523,44.926818295426145,32.0,1.5560909772556881,0.0,False,False,False,False,True,15.0,#888888,6917.787,1
STR,Aston Martin,43.0,3.0,83.81,27.534,28.496,27.78,MEDIUM,8.0,False,312.0,314.0,314.0,322.0,32.474902104544014,44.9,32.0,1.2003915818239377,0.0,False,False,False,False,True,15.0,#888888,7001.61,1
STR,Aston Martin,44.0,3.0,83.654,27.358,28.411,27.885,MEDIUM,9.0,False,315.0,316.0,314.0,321.0,32.4,44.70566613322664,32.0,1.5,0.0,False,False,False,False,True,15.0,#888888,7085.42,1
STR,Aston Martin,45.0,3.0,83.427,27.348,28.321,27.758,MEDIUM,10.0,False,316.0,318.0,314.0,322.0,32.3,44.6,32.958097206480446,1.5874291619441334,0.0,False,False,False,False,True,15.0,#888888,7169.074,1
STR,Aston Martin,46.0,3.0,83.906,27.371,28.627,27.908,MEDIUM,11.0,False,316.0,317.0,315.0,323.0,32.34324671211641,44.513506575767174,32.0,1.3,0.0,False,False,False,False,True,15.0,#888888,7252.501,1
STR,Aston Martin,47.0,3.0,84.014,27.349,28.673,27.992,MEDIUM,12.0,False,315.0,317.0,315.0,326.0,32.4,44.23381497591787,32.0,1.549277536123196,0.0,False,False,False,False,True,15.0,#888888,7336.407,1
STR,Aston Martin,48.0,3.0,86.104,27.419,29.351,29.334,MEDIUM,13.0,False,317.0,291.0,314.0,326.0,32.3,44.2,32.23095384923082,1.6383323055384256,0.0,False,False,False,False,True,15.0,#888888,7420.421,1
STR,Aston Martin,49.0,3.0,85.064,27.468,29.129,28.467,MEDIUM,14.0,False,314.0,319.0,313.0,326.0,32.3,44.13339000566724,32.33390005667234,1.433049971663831,0.0,False,False,False,False,True,15.0,#888888,7506.525,1
STR,Aston Martin,50.0,3.0,90.186,27.901,29.194,33.091,MEDIUM,15.0,False,321.0,318.0,0.0,320.0,32.3,44.1,32.08370954038881,1.5665161838444774,0.0,True,False,False,False,False,15.0,#888888,7591.589,1
STR,Aston Martin,51.0,4.0,110.98,49.959,32.44,28.581,SOFT,1.0,True,265.0,318.0,314.0,247.0,32.24138482556396,43.98276965112792,33.0,1.3172303488720796,0.0,False,True,False,False,False,19.0,#888888,7681.775,1
STR,Aston Martin,52.0,4.0,82.232,26.932,27.914,27.386,SOFT,2.0,True,324.0,319.0,315.0,337.0,32.2,43.8,32.0,1.7435295489761578,0.0,False,False,False,False,True,19.0,#888888,7792.755,1
TSU,RB,1.0,1.0,95.235,0.0,32.335,30.339,HARD,2.0,False,335.0,316.0,312.0,259.0,33.8,51.539250716618895,32.59812679154723,2.0794380374641688,0.0,False,False,False,True,False,14.0,#888888,3350.494,1
TSU,RB,2.0,1.0,87.538,28.414,30.094,29.03,HARD,3.0,False,317.0,341.0,312.0,334.0,33.89932343481811,50.50541252145511,31.006765651818892,1.4033828259094463,0.0,False,False,False,False,True,15.0,#888888,3445.987,1
TSU,RB,3.0,1.0,86.665,27.756,29.819,29.09,HARD,4.0,False,313.0,339.0,312.0,349.0,33.75476186507076,50.49047626985847,30.0,1.423810158867758,0.0,False,False,False,False,True,15.0,#888888,3533.525,1
TSU,RB,4.0,1.0,86.198,27.631,29.689,28.878,HARD,5.0,False,329.0,340.0,311.0,353.0,33.7,50.6,30.896797093720842,1.9412811625116635,0.0,False,False,False,False,True,15.0,#888888,3620.19,1
TSU,RB,5.0,1.0,92.241,28.736,32.722,30.783,HARD,6.0,False,293.0,325.0,307.0,340.0,33.7,50.666655557407104,30.33344442592901,2.133277787035495,0.0,False,False,False,False,True,19.0,#888888,3706.388,1
TSU,RB,6.0,1.0,88.473,28.426,30.441,29.606,HARD,7.0,False,316.0,325.0,309.0,294.0,33.525883646907864,50.251767293815725,31.0,1.974116353092139,0.0,False,False,False,False,True,19.0,#888888,3798.629,1
TSU,RB,7.0,1.0,100.319,28.469,30.634,41.216,HARD,8.0,False,312.0,322.0,0.0,324.0,33.465508970066466,49.56550897006647,32.0,1.582634550996959,0.0,True,False,False,False,False,19.0,#888888,3887.102,1
